{
    "additionalProperties": false,
    "properties": {
        "opaAuthTokenSecret": {
            "description": "ARN referencing a Secret in Secrets Manager containing a plain-text string token to use for authenticating against the OPA agent",
            "type": "string"
        },
        "opaUrl": {
            "description": "URL pointing to an OPA agent for policy decisions",
            "type": "string"
        }
    },
    "required": [
        "opaUrl"
    ],
    "definitions": {},
    "typeName": "Styra::OPA::Hook"
}