{
  "additionalProperties": false,
  "description": "Hook to call out to Open Policy Agent",
  "documentationUrl": "https://www.openpolicyagent.org/docs/latest/aws-cloudformation-hooks/",
  "handlers": {
    "preCreate": {
      "permissions": [
        "secretsmanager:GetSecretValue"
      ],
      "targetNames": [
        "AWS::ACMPCA::Certificate",
        "AWS::ACMPCA::CertificateAuthority",
        "AWS::ACMPCA::CertificateAuthorityActivation",
        "AWS::ACMPCA::Permission",
        "AWS::AccessAnalyzer::Analyzer",
        "AWS::AmazonMQ::Broker",
        "AWS::AmazonMQ::Configuration",
        "AWS::AmazonMQ::ConfigurationAssociation",
        "AWS::Amplify::App",
        "AWS::Amplify::Branch",
        "AWS::Amplify::Domain",
        "AWS::AmplifyUIBuilder::Component",
        "AWS::AmplifyUIBuilder::Theme",
        "AWS::ApiGateway::Account",
        "AWS::ApiGateway::ApiKey",
        "AWS::ApiGateway::Authorizer",
        "AWS::ApiGateway::BasePathMapping",
        "AWS::ApiGateway::ClientCertificate",
        "AWS::ApiGateway::Deployment",
        "AWS::ApiGateway::DocumentationPart",
        "AWS::ApiGateway::DocumentationVersion",
        "AWS::ApiGateway::DomainName",
        "AWS::ApiGateway::GatewayResponse",
        "AWS::ApiGateway::Method",
        "AWS::ApiGateway::Model",
        "AWS::ApiGateway::RequestValidator",
        "AWS::ApiGateway::Resource",
        "AWS::ApiGateway::RestApi",
        "AWS::ApiGateway::Stage",
        "AWS::ApiGateway::UsagePlan",
        "AWS::ApiGateway::UsagePlanKey",
        "AWS::ApiGateway::VpcLink",
        "AWS::ApiGatewayV2::Api",
        "AWS::ApiGatewayV2::ApiGatewayManagedOverrides",
        "AWS::ApiGatewayV2::ApiMapping",
        "AWS::ApiGatewayV2::Authorizer",
        "AWS::ApiGatewayV2::Deployment",
        "AWS::ApiGatewayV2::DomainName",
        "AWS::ApiGatewayV2::Integration",
        "AWS::ApiGatewayV2::IntegrationResponse",
        "AWS::ApiGatewayV2::Model",
        "AWS::ApiGatewayV2::Route",
        "AWS::ApiGatewayV2::RouteResponse",
        "AWS::ApiGatewayV2::Stage",
        "AWS::ApiGatewayV2::VpcLink",
        "AWS::AppConfig::Application",
        "AWS::AppConfig::ConfigurationProfile",
        "AWS::AppConfig::Deployment",
        "AWS::AppConfig::DeploymentStrategy",
        "AWS::AppConfig::Environment",
        "AWS::AppConfig::HostedConfigurationVersion",
        "AWS::AppFlow::ConnectorProfile",
        "AWS::AppFlow::Flow",
        "AWS::AppMesh::GatewayRoute",
        "AWS::AppMesh::Mesh",
        "AWS::AppMesh::Route",
        "AWS::AppMesh::VirtualGateway",
        "AWS::AppMesh::VirtualNode",
        "AWS::AppMesh::VirtualRouter",
        "AWS::AppMesh::VirtualService",
        "AWS::AppStream::DirectoryConfig",
        "AWS::AppStream::Fleet",
        "AWS::AppStream::ImageBuilder",
        "AWS::AppStream::Stack",
        "AWS::AppStream::StackFleetAssociation",
        "AWS::AppStream::StackUserAssociation",
        "AWS::AppStream::User",
        "AWS::AppSync::ApiCache",
        "AWS::AppSync::ApiKey",
        "AWS::AppSync::DataSource",
        "AWS::AppSync::DomainName",
        "AWS::AppSync::DomainNameApiAssociation",
        "AWS::AppSync::FunctionConfiguration",
        "AWS::AppSync::GraphQLApi",
        "AWS::AppSync::GraphQLSchema",
        "AWS::AppSync::Resolver",
        "AWS::ApplicationAutoScaling::ScalableTarget",
        "AWS::ApplicationAutoScaling::ScalingPolicy",
        "AWS::ApplicationInsights::Application",
        "AWS::Athena::DataCatalog",
        "AWS::Athena::NamedQuery",
        "AWS::Athena::PreparedStatement",
        "AWS::Athena::WorkGroup",
        "AWS::AuditManager::Assessment",
        "AWS::AutoScaling::AutoScalingGroup",
        "AWS::AutoScaling::LaunchConfiguration",
        "AWS::AutoScaling::LifecycleHook",
        "AWS::AutoScaling::ScalingPolicy",
        "AWS::AutoScaling::ScheduledAction",
        "AWS::AutoScaling::WarmPool",
        "AWS::AutoScalingPlans::ScalingPlan",
        "AWS::Backup::BackupPlan",
        "AWS::Backup::BackupSelection",
        "AWS::Backup::BackupVault",
        "AWS::Backup::Framework",
        "AWS::Backup::ReportPlan",
        "AWS::Batch::ComputeEnvironment",
        "AWS::Batch::JobDefinition",
        "AWS::Batch::JobQueue",
        "AWS::Batch::SchedulingPolicy",
        "AWS::Budgets::Budget",
        "AWS::Budgets::BudgetsAction",
        "AWS::CE::CostCategory",
        "AWS::Cassandra::Keyspace",
        "AWS::Cassandra::Table",
        "AWS::CertificateManager::Account",
        "AWS::CertificateManager::Certificate",
        "AWS::Chatbot::SlackChannelConfiguration",
        "AWS::Cloud9::EnvironmentEC2",
        "AWS::CloudFormation::CustomResource",
        "AWS::CloudFormation::HookDefaultVersion",
        "AWS::CloudFormation::HookTypeConfig",
        "AWS::CloudFormation::HookVersion",
        "AWS::CloudFormation::Macro",
        "AWS::CloudFormation::ModuleDefaultVersion",
        "AWS::CloudFormation::ModuleVersion",
        "AWS::CloudFormation::PublicTypeVersion",
        "AWS::CloudFormation::Publisher",
        "AWS::CloudFormation::ResourceDefaultVersion",
        "AWS::CloudFormation::ResourceVersion",
        "AWS::CloudFormation::Stack",
        "AWS::CloudFormation::StackSet",
        "AWS::CloudFormation::TypeActivation",
        "AWS::CloudFormation::WaitCondition",
        "AWS::CloudFormation::WaitConditionHandle",
        "AWS::CloudFront::CachePolicy",
        "AWS::CloudFront::CloudFrontOriginAccessIdentity",
        "AWS::CloudFront::Distribution",
        "AWS::CloudFront::Function",
        "AWS::CloudFront::KeyGroup",
        "AWS::CloudFront::OriginRequestPolicy",
        "AWS::CloudFront::PublicKey",
        "AWS::CloudFront::RealtimeLogConfig",
        "AWS::CloudFront::ResponseHeadersPolicy",
        "AWS::CloudFront::StreamingDistribution",
        "AWS::CloudTrail::Trail",
        "AWS::CloudWatch::Alarm",
        "AWS::CloudWatch::AnomalyDetector",
        "AWS::CloudWatch::CompositeAlarm",
        "AWS::CloudWatch::Dashboard",
        "AWS::CloudWatch::InsightRule",
        "AWS::CloudWatch::MetricStream",
        "AWS::CodeBuild::Project",
        "AWS::CodeBuild::ReportGroup",
        "AWS::CodeBuild::SourceCredential",
        "AWS::CodeCommit::Repository",
        "AWS::CodeDeploy::Application",
        "AWS::CodeDeploy::DeploymentConfig",
        "AWS::CodeDeploy::DeploymentGroup",
        "AWS::CodePipeline::CustomActionType",
        "AWS::CodePipeline::Pipeline",
        "AWS::CodePipeline::Webhook",
        "AWS::CodeStar::GitHubRepository",
        "AWS::CodeStarConnections::Connection",
        "AWS::CodeStarNotifications::NotificationRule",
        "AWS::Cognito::IdentityPool",
        "AWS::Cognito::IdentityPoolRoleAttachment",
        "AWS::Cognito::UserPool",
        "AWS::Cognito::UserPoolClient",
        "AWS::Cognito::UserPoolDomain",
        "AWS::Cognito::UserPoolGroup",
        "AWS::Cognito::UserPoolIdentityProvider",
        "AWS::Cognito::UserPoolResourceServer",
        "AWS::Cognito::UserPoolRiskConfigurationAttachment",
        "AWS::Cognito::UserPoolUICustomizationAttachment",
        "AWS::Cognito::UserPoolUser",
        "AWS::Cognito::UserPoolUserToGroupAttachment",
        "AWS::Config::AggregationAuthorization",
        "AWS::Config::ConfigRule",
        "AWS::Config::ConfigurationAggregator",
        "AWS::Config::ConfigurationRecorder",
        "AWS::Config::ConformancePack",
        "AWS::Config::DeliveryChannel",
        "AWS::Config::OrganizationConfigRule",
        "AWS::Config::OrganizationConformancePack",
        "AWS::Config::RemediationConfiguration",
        "AWS::Config::StoredQuery",
        "AWS::DAX::Cluster",
        "AWS::DAX::ParameterGroup",
        "AWS::DAX::SubnetGroup",
        "AWS::DLM::LifecyclePolicy",
        "AWS::DMS::Certificate",
        "AWS::DMS::Endpoint",
        "AWS::DMS::EventSubscription",
        "AWS::DMS::ReplicationInstance",
        "AWS::DMS::ReplicationSubnetGroup",
        "AWS::DMS::ReplicationTask",
        "AWS::DataBrew::Dataset",
        "AWS::DataBrew::Job",
        "AWS::DataBrew::Project",
        "AWS::DataBrew::Recipe",
        "AWS::DataBrew::Ruleset",
        "AWS::DataBrew::Schedule",
        "AWS::DataPipeline::Pipeline",
        "AWS::DataSync::Agent",
        "AWS::DataSync::LocationEFS",
        "AWS::DataSync::LocationFSxLustre",
        "AWS::DataSync::LocationFSxWindows",
        "AWS::DataSync::LocationHDFS",
        "AWS::DataSync::LocationNFS",
        "AWS::DataSync::LocationObjectStorage",
        "AWS::DataSync::LocationS3",
        "AWS::DataSync::LocationSMB",
        "AWS::DataSync::Task",
        "AWS::Detective::Graph",
        "AWS::Detective::MemberInvitation",
        "AWS::DirectoryService::MicrosoftAD",
        "AWS::DirectoryService::SimpleAD",
        "AWS::DynamoDB::GlobalTable",
        "AWS::DynamoDB::Table",
        "AWS::EC2::CapacityReservation",
        "AWS::EC2::CapacityReservationFleet",
        "AWS::EC2::ClientVpnAuthorizationRule",
        "AWS::EC2::ClientVpnEndpoint",
        "AWS::EC2::ClientVpnRoute",
        "AWS::EC2::ClientVpnTargetNetworkAssociation",
        "AWS::EC2::CustomerGateway",
        "AWS::EC2::DHCPOptions",
        "AWS::EC2::EC2Fleet",
        "AWS::EC2::EIP",
        "AWS::EC2::EIPAssociation",
        "AWS::EC2::EgressOnlyInternetGateway",
        "AWS::EC2::EnclaveCertificateIamRoleAssociation",
        "AWS::EC2::FlowLog",
        "AWS::EC2::GatewayRouteTableAssociation",
        "AWS::EC2::Host",
        "AWS::EC2::IPAM",
        "AWS::EC2::IPAMAllocation",
        "AWS::EC2::IPAMPool",
        "AWS::EC2::IPAMScope",
        "AWS::EC2::Instance",
        "AWS::EC2::InternetGateway",
        "AWS::EC2::LaunchTemplate",
        "AWS::EC2::LocalGatewayRoute",
        "AWS::EC2::LocalGatewayRouteTableVPCAssociation",
        "AWS::EC2::NatGateway",
        "AWS::EC2::NetworkAcl",
        "AWS::EC2::NetworkAclEntry",
        "AWS::EC2::NetworkInsightsAccessScope",
        "AWS::EC2::NetworkInsightsAccessScopeAnalysis",
        "AWS::EC2::NetworkInsightsAnalysis",
        "AWS::EC2::NetworkInsightsPath",
        "AWS::EC2::NetworkInterface",
        "AWS::EC2::NetworkInterfaceAttachment",
        "AWS::EC2::NetworkInterfacePermission",
        "AWS::EC2::PlacementGroup",
        "AWS::EC2::PrefixList",
        "AWS::EC2::Route",
        "AWS::EC2::RouteTable",
        "AWS::EC2::SecurityGroup",
        "AWS::EC2::SecurityGroupEgress",
        "AWS::EC2::SecurityGroupIngress",
        "AWS::EC2::SpotFleet",
        "AWS::EC2::Subnet",
        "AWS::EC2::SubnetCidrBlock",
        "AWS::EC2::SubnetNetworkAclAssociation",
        "AWS::EC2::SubnetRouteTableAssociation",
        "AWS::EC2::TrafficMirrorFilter",
        "AWS::EC2::TrafficMirrorFilterRule",
        "AWS::EC2::TrafficMirrorSession",
        "AWS::EC2::TrafficMirrorTarget",
        "AWS::EC2::TransitGateway",
        "AWS::EC2::TransitGatewayAttachment",
        "AWS::EC2::TransitGatewayConnect",
        "AWS::EC2::TransitGatewayMulticastDomain",
        "AWS::EC2::TransitGatewayMulticastDomainAssociation",
        "AWS::EC2::TransitGatewayMulticastGroupMember",
        "AWS::EC2::TransitGatewayMulticastGroupSource",
        "AWS::EC2::TransitGatewayPeeringAttachment",
        "AWS::EC2::TransitGatewayRoute",
        "AWS::EC2::TransitGatewayRouteTable",
        "AWS::EC2::TransitGatewayRouteTableAssociation",
        "AWS::EC2::TransitGatewayRouteTablePropagation",
        "AWS::EC2::TransitGatewayVpcAttachment",
        "AWS::EC2::VPC",
        "AWS::EC2::VPCCidrBlock",
        "AWS::EC2::VPCDHCPOptionsAssociation",
        "AWS::EC2::VPCEndpoint",
        "AWS::EC2::VPCEndpointConnectionNotification",
        "AWS::EC2::VPCEndpointService",
        "AWS::EC2::VPCEndpointServicePermissions",
        "AWS::EC2::VPCGatewayAttachment",
        "AWS::EC2::VPCPeeringConnection",
        "AWS::EC2::VPNConnection",
        "AWS::EC2::VPNConnectionRoute",
        "AWS::EC2::VPNGateway",
        "AWS::EC2::VPNGatewayRoutePropagation",
        "AWS::EC2::Volume",
        "AWS::EC2::VolumeAttachment",
        "AWS::ECR::PullThroughCacheRule",
        "AWS::ECR::RegistryPolicy",
        "AWS::ECR::ReplicationConfiguration",
        "AWS::ECR::Repository",
        "AWS::ECS::CapacityProvider",
        "AWS::ECS::Cluster",
        "AWS::ECS::ClusterCapacityProviderAssociations",
        "AWS::ECS::PrimaryTaskSet",
        "AWS::ECS::Service",
        "AWS::ECS::TaskDefinition",
        "AWS::ECS::TaskSet",
        "AWS::EFS::AccessPoint",
        "AWS::EFS::FileSystem",
        "AWS::EFS::MountTarget",
        "AWS::EKS::Addon",
        "AWS::EKS::Cluster",
        "AWS::EKS::FargateProfile",
        "AWS::EKS::IdentityProviderConfig",
        "AWS::EKS::Nodegroup",
        "AWS::EMR::Cluster",
        "AWS::EMR::InstanceFleetConfig",
        "AWS::EMR::InstanceGroupConfig",
        "AWS::EMR::SecurityConfiguration",
        "AWS::EMR::Step",
        "AWS::EMR::Studio",
        "AWS::EMRContainers::VirtualCluster",
        "AWS::ElastiCache::CacheCluster",
        "AWS::ElastiCache::GlobalReplicationGroup",
        "AWS::ElastiCache::ParameterGroup",
        "AWS::ElastiCache::ReplicationGroup",
        "AWS::ElastiCache::SecurityGroup",
        "AWS::ElastiCache::SecurityGroupIngress",
        "AWS::ElastiCache::SubnetGroup",
        "AWS::ElastiCache::User",
        "AWS::ElastiCache::UserGroup",
        "AWS::ElasticBeanstalk::Application",
        "AWS::ElasticBeanstalk::ApplicationVersion",
        "AWS::ElasticBeanstalk::ConfigurationTemplate",
        "AWS::ElasticBeanstalk::Environment",
        "AWS::ElasticLoadBalancing::LoadBalancer",
        "AWS::ElasticLoadBalancingV2::Listener",
        "AWS::ElasticLoadBalancingV2::ListenerCertificate",
        "AWS::ElasticLoadBalancingV2::ListenerRule",
        "AWS::ElasticLoadBalancingV2::LoadBalancer",
        "AWS::ElasticLoadBalancingV2::TargetGroup",
        "AWS::Elasticsearch::Domain",
        "AWS::EventSchemas::Discoverer",
        "AWS::EventSchemas::Registry",
        "AWS::EventSchemas::RegistryPolicy",
        "AWS::EventSchemas::Schema",
        "AWS::Events::ApiDestination",
        "AWS::Events::Archive",
        "AWS::Events::Connection",
        "AWS::Events::EventBus",
        "AWS::Events::EventBusPolicy",
        "AWS::Events::Rule",
        "AWS::FIS::ExperimentTemplate",
        "AWS::FMS::NotificationChannel",
        "AWS::FMS::Policy",
        "AWS::FSx::FileSystem",
        "AWS::GameLift::Alias",
        "AWS::GameLift::Build",
        "AWS::GameLift::Fleet",
        "AWS::GameLift::GameServerGroup",
        "AWS::GameLift::GameSessionQueue",
        "AWS::GameLift::MatchmakingConfiguration",
        "AWS::GameLift::MatchmakingRuleSet",
        "AWS::GameLift::Script",
        "AWS::GlobalAccelerator::Accelerator",
        "AWS::GlobalAccelerator::EndpointGroup",
        "AWS::GlobalAccelerator::Listener",
        "AWS::Glue::Classifier",
        "AWS::Glue::Connection",
        "AWS::Glue::Crawler",
        "AWS::Glue::DataCatalogEncryptionSettings",
        "AWS::Glue::Database",
        "AWS::Glue::DevEndpoint",
        "AWS::Glue::Job",
        "AWS::Glue::MLTransform",
        "AWS::Glue::Partition",
        "AWS::Glue::Registry",
        "AWS::Glue::Schema",
        "AWS::Glue::SchemaVersion",
        "AWS::Glue::SchemaVersionMetadata",
        "AWS::Glue::SecurityConfiguration",
        "AWS::Glue::Table",
        "AWS::Glue::Trigger",
        "AWS::Glue::Workflow",
        "AWS::Greengrass::ConnectorDefinition",
        "AWS::Greengrass::ConnectorDefinitionVersion",
        "AWS::Greengrass::CoreDefinition",
        "AWS::Greengrass::CoreDefinitionVersion",
        "AWS::Greengrass::DeviceDefinition",
        "AWS::Greengrass::DeviceDefinitionVersion",
        "AWS::Greengrass::FunctionDefinition",
        "AWS::Greengrass::FunctionDefinitionVersion",
        "AWS::Greengrass::Group",
        "AWS::Greengrass::GroupVersion",
        "AWS::Greengrass::LoggerDefinition",
        "AWS::Greengrass::LoggerDefinitionVersion",
        "AWS::Greengrass::ResourceDefinition",
        "AWS::Greengrass::ResourceDefinitionVersion",
        "AWS::Greengrass::SubscriptionDefinition",
        "AWS::Greengrass::SubscriptionDefinitionVersion",
        "AWS::GuardDuty::Detector",
        "AWS::GuardDuty::Filter",
        "AWS::GuardDuty::IPSet",
        "AWS::GuardDuty::Master",
        "AWS::GuardDuty::Member",
        "AWS::GuardDuty::ThreatIntelSet",
        "AWS::IAM::AccessKey",
        "AWS::IAM::Group",
        "AWS::IAM::InstanceProfile",
        "AWS::IAM::ManagedPolicy",
        "AWS::IAM::OIDCProvider",
        "AWS::IAM::Policy",
        "AWS::IAM::Role",
        "AWS::IAM::SAMLProvider",
        "AWS::IAM::ServerCertificate",
        "AWS::IAM::ServiceLinkedRole",
        "AWS::IAM::User",
        "AWS::IAM::UserToGroupAddition",
        "AWS::IAM::VirtualMFADevice",
        "AWS::ImageBuilder::Component",
        "AWS::ImageBuilder::ContainerRecipe",
        "AWS::ImageBuilder::DistributionConfiguration",
        "AWS::ImageBuilder::Image",
        "AWS::ImageBuilder::ImagePipeline",
        "AWS::ImageBuilder::ImageRecipe",
        "AWS::ImageBuilder::InfrastructureConfiguration",
        "AWS::Inspector::AssessmentTarget",
        "AWS::Inspector::AssessmentTemplate",
        "AWS::Inspector::ResourceGroup",
        "AWS::InspectorV2::Filter",
        "AWS::IoT::AccountAuditConfiguration",
        "AWS::IoT::Authorizer",
        "AWS::IoT::Certificate",
        "AWS::IoT::CustomMetric",
        "AWS::IoT::Dimension",
        "AWS::IoT::DomainConfiguration",
        "AWS::IoT::FleetMetric",
        "AWS::IoT::JobTemplate",
        "AWS::IoT::Logging",
        "AWS::IoT::MitigationAction",
        "AWS::IoT::Policy",
        "AWS::IoT::PolicyPrincipalAttachment",
        "AWS::IoT::ProvisioningTemplate",
        "AWS::IoT::ResourceSpecificLogging",
        "AWS::IoT::ScheduledAudit",
        "AWS::IoT::SecurityProfile",
        "AWS::IoT::Thing",
        "AWS::IoT::ThingPrincipalAttachment",
        "AWS::IoT::TopicRule",
        "AWS::IoT::TopicRuleDestination",
        "AWS::KMS::Alias",
        "AWS::KMS::Key",
        "AWS::KMS::ReplicaKey",
        "AWS::KafkaConnect::Connector",
        "AWS::Kinesis::Stream",
        "AWS::Kinesis::StreamConsumer",
        "AWS::KinesisAnalytics::Application",
        "AWS::KinesisAnalytics::ApplicationOutput",
        "AWS::KinesisAnalytics::ApplicationReferenceDataSource",
        "AWS::KinesisAnalyticsV2::Application",
        "AWS::KinesisAnalyticsV2::ApplicationCloudWatchLoggingOption",
        "AWS::KinesisAnalyticsV2::ApplicationOutput",
        "AWS::KinesisAnalyticsV2::ApplicationReferenceDataSource",
        "AWS::KinesisFirehose::DeliveryStream",
        "AWS::LakeFormation::DataLakeSettings",
        "AWS::LakeFormation::Permissions",
        "AWS::LakeFormation::Resource",
        "AWS::Lambda::Alias",
        "AWS::Lambda::CodeSigningConfig",
        "AWS::Lambda::EventInvokeConfig",
        "AWS::Lambda::EventSourceMapping",
        "AWS::Lambda::Function",
        "AWS::Lambda::LayerVersion",
        "AWS::Lambda::LayerVersionPermission",
        "AWS::Lambda::Permission",
        "AWS::Lambda::Version",
        "AWS::LicenseManager::Grant",
        "AWS::LicenseManager::License",
        "AWS::Logs::Destination",
        "AWS::Logs::LogGroup",
        "AWS::Logs::LogStream",
        "AWS::Logs::MetricFilter",
        "AWS::Logs::QueryDefinition",
        "AWS::Logs::ResourcePolicy",
        "AWS::Logs::SubscriptionFilter",
        "AWS::MSK::BatchScramSecret",
        "AWS::MSK::Cluster",
        "AWS::MSK::Configuration",
        "AWS::Macie::CustomDataIdentifier",
        "AWS::Macie::FindingsFilter",
        "AWS::Macie::Session",
        "AWS::MediaConnect::Flow",
        "AWS::MediaConnect::FlowEntitlement",
        "AWS::MediaConnect::FlowOutput",
        "AWS::MediaConnect::FlowSource",
        "AWS::MediaConnect::FlowVpcInterface",
        "AWS::MediaConvert::JobTemplate",
        "AWS::MediaConvert::Preset",
        "AWS::MediaConvert::Queue",
        "AWS::MediaPackage::Asset",
        "AWS::MediaPackage::Channel",
        "AWS::MediaPackage::OriginEndpoint",
        "AWS::MediaPackage::PackagingConfiguration",
        "AWS::MediaPackage::PackagingGroup",
        "AWS::MemoryDB::ACL",
        "AWS::MemoryDB::Cluster",
        "AWS::MemoryDB::ParameterGroup",
        "AWS::MemoryDB::SubnetGroup",
        "AWS::MemoryDB::User",
        "AWS::Neptune::DBCluster",
        "AWS::Neptune::DBClusterParameterGroup",
        "AWS::Neptune::DBInstance",
        "AWS::Neptune::DBParameterGroup",
        "AWS::Neptune::DBSubnetGroup",
        "AWS::NetworkFirewall::Firewall",
        "AWS::NetworkFirewall::FirewallPolicy",
        "AWS::NetworkFirewall::LoggingConfiguration",
        "AWS::NetworkFirewall::RuleGroup",
        "AWS::NetworkManager::CustomerGatewayAssociation",
        "AWS::NetworkManager::Device",
        "AWS::NetworkManager::GlobalNetwork",
        "AWS::NetworkManager::Link",
        "AWS::NetworkManager::LinkAssociation",
        "AWS::NetworkManager::Site",
        "AWS::NetworkManager::TransitGatewayRegistration",
        "AWS::OpenSearchService::Domain",
        "AWS::OpsWorks::App",
        "AWS::OpsWorks::ElasticLoadBalancerAttachment",
        "AWS::OpsWorks::Instance",
        "AWS::OpsWorks::Layer",
        "AWS::OpsWorks::Stack",
        "AWS::OpsWorks::UserProfile",
        "AWS::OpsWorks::Volume",
        "AWS::OpsWorksCM::Server",
        "AWS::RAM::ResourceShare",
        "AWS::RDS::DBCluster",
        "AWS::RDS::DBClusterParameterGroup",
        "AWS::RDS::DBInstance",
        "AWS::RDS::DBParameterGroup",
        "AWS::RDS::DBProxy",
        "AWS::RDS::DBProxyEndpoint",
        "AWS::RDS::DBProxyTargetGroup",
        "AWS::RDS::DBSecurityGroup",
        "AWS::RDS::DBSecurityGroupIngress",
        "AWS::RDS::DBSubnetGroup",
        "AWS::RDS::EventSubscription",
        "AWS::RDS::GlobalCluster",
        "AWS::RDS::OptionGroup",
        "AWS::Redshift::Cluster",
        "AWS::Redshift::ClusterParameterGroup",
        "AWS::Redshift::ClusterSecurityGroup",
        "AWS::Redshift::ClusterSecurityGroupIngress",
        "AWS::Redshift::ClusterSubnetGroup",
        "AWS::Redshift::EndpointAccess",
        "AWS::Redshift::EndpointAuthorization",
        "AWS::Redshift::EventSubscription",
        "AWS::Redshift::ScheduledAction",
        "AWS::Rekognition::Collection",
        "AWS::ResilienceHub::App",
        "AWS::ResilienceHub::ResiliencyPolicy",
        "AWS::ResourceGroups::Group",
        "AWS::Route53::DNSSEC",
        "AWS::Route53::HealthCheck",
        "AWS::Route53::HostedZone",
        "AWS::Route53::KeySigningKey",
        "AWS::Route53::RecordSet",
        "AWS::Route53::RecordSetGroup",
        "AWS::Route53Resolver::FirewallDomainList",
        "AWS::Route53Resolver::FirewallRuleGroup",
        "AWS::Route53Resolver::FirewallRuleGroupAssociation",
        "AWS::Route53Resolver::ResolverConfig",
        "AWS::Route53Resolver::ResolverDNSSECConfig",
        "AWS::Route53Resolver::ResolverEndpoint",
        "AWS::Route53Resolver::ResolverQueryLoggingConfig",
        "AWS::Route53Resolver::ResolverQueryLoggingConfigAssociation",
        "AWS::Route53Resolver::ResolverRule",
        "AWS::Route53Resolver::ResolverRuleAssociation",
        "AWS::S3::AccessPoint",
        "AWS::S3::Bucket",
        "AWS::S3::BucketPolicy",
        "AWS::S3::MultiRegionAccessPoint",
        "AWS::S3::MultiRegionAccessPointPolicy",
        "AWS::S3::StorageLens",
        "AWS::S3ObjectLambda::AccessPoint",
        "AWS::S3ObjectLambda::AccessPointPolicy",
        "AWS::S3Outposts::AccessPoint",
        "AWS::S3Outposts::Bucket",
        "AWS::S3Outposts::BucketPolicy",
        "AWS::S3Outposts::Endpoint",
        "AWS::SDB::Domain",
        "AWS::SES::ConfigurationSet",
        "AWS::SES::ConfigurationSetEventDestination",
        "AWS::SES::ContactList",
        "AWS::SES::Template",
        "AWS::SNS::Subscription",
        "AWS::SNS::Topic",
        "AWS::SNS::TopicPolicy",
        "AWS::SQS::Queue",
        "AWS::SQS::QueuePolicy",
        "AWS::SSM::Association",
        "AWS::SSM::Document",
        "AWS::SSM::MaintenanceWindow",
        "AWS::SSM::MaintenanceWindowTarget",
        "AWS::SSM::MaintenanceWindowTask",
        "AWS::SSM::Parameter",
        "AWS::SSM::PatchBaseline",
        "AWS::SSM::ResourceDataSync",
        "AWS::SSMContacts::Contact",
        "AWS::SSMContacts::ContactChannel",
        "AWS::SSMIncidents::ReplicationSet",
        "AWS::SSMIncidents::ResponsePlan",
        "AWS::SageMaker::App",
        "AWS::SageMaker::AppImageConfig",
        "AWS::SageMaker::CodeRepository",
        "AWS::SageMaker::DataQualityJobDefinition",
        "AWS::SageMaker::Domain",
        "AWS::SageMaker::Endpoint",
        "AWS::SageMaker::EndpointConfig",
        "AWS::SageMaker::FeatureGroup",
        "AWS::SageMaker::Image",
        "AWS::SageMaker::ImageVersion",
        "AWS::SageMaker::Model",
        "AWS::SageMaker::ModelBiasJobDefinition",
        "AWS::SageMaker::ModelExplainabilityJobDefinition",
        "AWS::SageMaker::ModelPackageGroup",
        "AWS::SageMaker::ModelQualityJobDefinition",
        "AWS::SageMaker::MonitoringSchedule",
        "AWS::SageMaker::NotebookInstance",
        "AWS::SageMaker::NotebookInstanceLifecycleConfig",
        "AWS::SageMaker::Pipeline",
        "AWS::SageMaker::Project",
        "AWS::SageMaker::UserProfile",
        "AWS::SageMaker::Workteam",
        "AWS::SecretsManager::ResourcePolicy",
        "AWS::SecretsManager::RotationSchedule",
        "AWS::SecretsManager::Secret",
        "AWS::SecretsManager::SecretTargetAttachment",
        "AWS::SecurityHub::Hub",
        "AWS::ServiceCatalog::AcceptedPortfolioShare",
        "AWS::ServiceCatalog::CloudFormationProduct",
        "AWS::ServiceCatalog::CloudFormationProvisionedProduct",
        "AWS::ServiceCatalog::LaunchNotificationConstraint",
        "AWS::ServiceCatalog::LaunchRoleConstraint",
        "AWS::ServiceCatalog::LaunchTemplateConstraint",
        "AWS::ServiceCatalog::Portfolio",
        "AWS::ServiceCatalog::PortfolioPrincipalAssociation",
        "AWS::ServiceCatalog::PortfolioProductAssociation",
        "AWS::ServiceCatalog::PortfolioShare",
        "AWS::ServiceCatalog::ResourceUpdateConstraint",
        "AWS::ServiceCatalog::ServiceAction",
        "AWS::ServiceCatalog::ServiceActionAssociation",
        "AWS::ServiceCatalog::StackSetConstraint",
        "AWS::ServiceCatalog::TagOption",
        "AWS::ServiceCatalog::TagOptionAssociation",
        "AWS::ServiceCatalogAppRegistry::Application",
        "AWS::ServiceCatalogAppRegistry::AttributeGroup",
        "AWS::ServiceCatalogAppRegistry::AttributeGroupAssociation",
        "AWS::ServiceCatalogAppRegistry::ResourceAssociation",
        "AWS::ServiceDiscovery::HttpNamespace",
        "AWS::ServiceDiscovery::Instance",
        "AWS::ServiceDiscovery::PrivateDnsNamespace",
        "AWS::ServiceDiscovery::PublicDnsNamespace",
        "AWS::ServiceDiscovery::Service",
        "AWS::Signer::ProfilePermission",
        "AWS::Signer::SigningProfile",
        "AWS::StepFunctions::Activity",
        "AWS::StepFunctions::StateMachine",
        "AWS::Synthetics::Canary",
        "AWS::Transfer::Server",
        "AWS::Transfer::User",
        "AWS::Transfer::Workflow",
        "AWS::WAF::ByteMatchSet",
        "AWS::WAF::IPSet",
        "AWS::WAF::Rule",
        "AWS::WAF::SizeConstraintSet",
        "AWS::WAF::SqlInjectionMatchSet",
        "AWS::WAF::WebACL",
        "AWS::WAF::XssMatchSet",
        "AWS::WAFRegional::ByteMatchSet",
        "AWS::WAFRegional::GeoMatchSet",
        "AWS::WAFRegional::IPSet",
        "AWS::WAFRegional::RateBasedRule",
        "AWS::WAFRegional::RegexPatternSet",
        "AWS::WAFRegional::Rule",
        "AWS::WAFRegional::SizeConstraintSet",
        "AWS::WAFRegional::SqlInjectionMatchSet",
        "AWS::WAFRegional::WebACL",
        "AWS::WAFRegional::WebACLAssociation",
        "AWS::WAFRegional::XssMatchSet",
        "AWS::WAFv2::IPSet",
        "AWS::WAFv2::LoggingConfiguration",
        "AWS::WAFv2::RegexPatternSet",
        "AWS::WAFv2::RuleGroup",
        "AWS::WAFv2::WebACL",
        "AWS::WAFv2::WebACLAssociation",
        "AWS::WorkSpaces::Workspace",
        "AWS::XRay::Group",
        "AWS::XRay::SamplingRule",
        "Alexa::ASK::Skill"
      ]
    },
    "preDelete": {
      "permissions": [
        "secretsmanager:GetSecretValue"
      ],
      "targetNames": [
        "AWS::ACMPCA::Certificate",
        "AWS::ACMPCA::CertificateAuthority",
        "AWS::ACMPCA::CertificateAuthorityActivation",
        "AWS::ACMPCA::Permission",
        "AWS::AccessAnalyzer::Analyzer",
        "AWS::AmazonMQ::Broker",
        "AWS::AmazonMQ::Configuration",
        "AWS::AmazonMQ::ConfigurationAssociation",
        "AWS::Amplify::App",
        "AWS::Amplify::Branch",
        "AWS::Amplify::Domain",
        "AWS::AmplifyUIBuilder::Component",
        "AWS::AmplifyUIBuilder::Theme",
        "AWS::ApiGateway::Account",
        "AWS::ApiGateway::ApiKey",
        "AWS::ApiGateway::Authorizer",
        "AWS::ApiGateway::BasePathMapping",
        "AWS::ApiGateway::ClientCertificate",
        "AWS::ApiGateway::Deployment",
        "AWS::ApiGateway::DocumentationPart",
        "AWS::ApiGateway::DocumentationVersion",
        "AWS::ApiGateway::DomainName",
        "AWS::ApiGateway::GatewayResponse",
        "AWS::ApiGateway::Method",
        "AWS::ApiGateway::Model",
        "AWS::ApiGateway::RequestValidator",
        "AWS::ApiGateway::Resource",
        "AWS::ApiGateway::RestApi",
        "AWS::ApiGateway::Stage",
        "AWS::ApiGateway::UsagePlan",
        "AWS::ApiGateway::UsagePlanKey",
        "AWS::ApiGateway::VpcLink",
        "AWS::ApiGatewayV2::Api",
        "AWS::ApiGatewayV2::ApiGatewayManagedOverrides",
        "AWS::ApiGatewayV2::ApiMapping",
        "AWS::ApiGatewayV2::Authorizer",
        "AWS::ApiGatewayV2::Deployment",
        "AWS::ApiGatewayV2::DomainName",
        "AWS::ApiGatewayV2::Integration",
        "AWS::ApiGatewayV2::IntegrationResponse",
        "AWS::ApiGatewayV2::Model",
        "AWS::ApiGatewayV2::Route",
        "AWS::ApiGatewayV2::RouteResponse",
        "AWS::ApiGatewayV2::Stage",
        "AWS::ApiGatewayV2::VpcLink",
        "AWS::AppConfig::Application",
        "AWS::AppConfig::ConfigurationProfile",
        "AWS::AppConfig::Deployment",
        "AWS::AppConfig::DeploymentStrategy",
        "AWS::AppConfig::Environment",
        "AWS::AppConfig::HostedConfigurationVersion",
        "AWS::AppFlow::ConnectorProfile",
        "AWS::AppFlow::Flow",
        "AWS::AppMesh::GatewayRoute",
        "AWS::AppMesh::Mesh",
        "AWS::AppMesh::Route",
        "AWS::AppMesh::VirtualGateway",
        "AWS::AppMesh::VirtualNode",
        "AWS::AppMesh::VirtualRouter",
        "AWS::AppMesh::VirtualService",
        "AWS::AppStream::DirectoryConfig",
        "AWS::AppStream::Fleet",
        "AWS::AppStream::ImageBuilder",
        "AWS::AppStream::Stack",
        "AWS::AppStream::StackFleetAssociation",
        "AWS::AppStream::StackUserAssociation",
        "AWS::AppStream::User",
        "AWS::AppSync::ApiCache",
        "AWS::AppSync::ApiKey",
        "AWS::AppSync::DataSource",
        "AWS::AppSync::DomainName",
        "AWS::AppSync::DomainNameApiAssociation",
        "AWS::AppSync::FunctionConfiguration",
        "AWS::AppSync::GraphQLApi",
        "AWS::AppSync::GraphQLSchema",
        "AWS::AppSync::Resolver",
        "AWS::ApplicationAutoScaling::ScalableTarget",
        "AWS::ApplicationAutoScaling::ScalingPolicy",
        "AWS::ApplicationInsights::Application",
        "AWS::Athena::DataCatalog",
        "AWS::Athena::NamedQuery",
        "AWS::Athena::PreparedStatement",
        "AWS::Athena::WorkGroup",
        "AWS::AuditManager::Assessment",
        "AWS::AutoScaling::AutoScalingGroup",
        "AWS::AutoScaling::LaunchConfiguration",
        "AWS::AutoScaling::LifecycleHook",
        "AWS::AutoScaling::ScalingPolicy",
        "AWS::AutoScaling::ScheduledAction",
        "AWS::AutoScaling::WarmPool",
        "AWS::AutoScalingPlans::ScalingPlan",
        "AWS::Backup::BackupPlan",
        "AWS::Backup::BackupSelection",
        "AWS::Backup::BackupVault",
        "AWS::Backup::Framework",
        "AWS::Backup::ReportPlan",
        "AWS::Batch::ComputeEnvironment",
        "AWS::Batch::JobDefinition",
        "AWS::Batch::JobQueue",
        "AWS::Batch::SchedulingPolicy",
        "AWS::Budgets::Budget",
        "AWS::Budgets::BudgetsAction",
        "AWS::CE::CostCategory",
        "AWS::Cassandra::Keyspace",
        "AWS::Cassandra::Table",
        "AWS::CertificateManager::Account",
        "AWS::CertificateManager::Certificate",
        "AWS::Chatbot::SlackChannelConfiguration",
        "AWS::Cloud9::EnvironmentEC2",
        "AWS::CloudFormation::CustomResource",
        "AWS::CloudFormation::HookDefaultVersion",
        "AWS::CloudFormation::HookTypeConfig",
        "AWS::CloudFormation::HookVersion",
        "AWS::CloudFormation::Macro",
        "AWS::CloudFormation::ModuleDefaultVersion",
        "AWS::CloudFormation::ModuleVersion",
        "AWS::CloudFormation::PublicTypeVersion",
        "AWS::CloudFormation::Publisher",
        "AWS::CloudFormation::ResourceDefaultVersion",
        "AWS::CloudFormation::ResourceVersion",
        "AWS::CloudFormation::Stack",
        "AWS::CloudFormation::StackSet",
        "AWS::CloudFormation::TypeActivation",
        "AWS::CloudFormation::WaitCondition",
        "AWS::CloudFormation::WaitConditionHandle",
        "AWS::CloudFront::CachePolicy",
        "AWS::CloudFront::CloudFrontOriginAccessIdentity",
        "AWS::CloudFront::Distribution",
        "AWS::CloudFront::Function",
        "AWS::CloudFront::KeyGroup",
        "AWS::CloudFront::OriginRequestPolicy",
        "AWS::CloudFront::PublicKey",
        "AWS::CloudFront::RealtimeLogConfig",
        "AWS::CloudFront::ResponseHeadersPolicy",
        "AWS::CloudFront::StreamingDistribution",
        "AWS::CloudTrail::Trail",
        "AWS::CloudWatch::Alarm",
        "AWS::CloudWatch::AnomalyDetector",
        "AWS::CloudWatch::CompositeAlarm",
        "AWS::CloudWatch::Dashboard",
        "AWS::CloudWatch::InsightRule",
        "AWS::CloudWatch::MetricStream",
        "AWS::CodeBuild::Project",
        "AWS::CodeBuild::ReportGroup",
        "AWS::CodeBuild::SourceCredential",
        "AWS::CodeCommit::Repository",
        "AWS::CodeDeploy::Application",
        "AWS::CodeDeploy::DeploymentConfig",
        "AWS::CodeDeploy::DeploymentGroup",
        "AWS::CodePipeline::CustomActionType",
        "AWS::CodePipeline::Pipeline",
        "AWS::CodePipeline::Webhook",
        "AWS::CodeStar::GitHubRepository",
        "AWS::CodeStarConnections::Connection",
        "AWS::CodeStarNotifications::NotificationRule",
        "AWS::Cognito::IdentityPool",
        "AWS::Cognito::IdentityPoolRoleAttachment",
        "AWS::Cognito::UserPool",
        "AWS::Cognito::UserPoolClient",
        "AWS::Cognito::UserPoolDomain",
        "AWS::Cognito::UserPoolGroup",
        "AWS::Cognito::UserPoolIdentityProvider",
        "AWS::Cognito::UserPoolResourceServer",
        "AWS::Cognito::UserPoolRiskConfigurationAttachment",
        "AWS::Cognito::UserPoolUICustomizationAttachment",
        "AWS::Cognito::UserPoolUser",
        "AWS::Cognito::UserPoolUserToGroupAttachment",
        "AWS::Config::AggregationAuthorization",
        "AWS::Config::ConfigRule",
        "AWS::Config::ConfigurationAggregator",
        "AWS::Config::ConfigurationRecorder",
        "AWS::Config::ConformancePack",
        "AWS::Config::DeliveryChannel",
        "AWS::Config::OrganizationConfigRule",
        "AWS::Config::OrganizationConformancePack",
        "AWS::Config::RemediationConfiguration",
        "AWS::Config::StoredQuery",
        "AWS::DAX::Cluster",
        "AWS::DAX::ParameterGroup",
        "AWS::DAX::SubnetGroup",
        "AWS::DLM::LifecyclePolicy",
        "AWS::DMS::Certificate",
        "AWS::DMS::Endpoint",
        "AWS::DMS::EventSubscription",
        "AWS::DMS::ReplicationInstance",
        "AWS::DMS::ReplicationSubnetGroup",
        "AWS::DMS::ReplicationTask",
        "AWS::DataBrew::Dataset",
        "AWS::DataBrew::Job",
        "AWS::DataBrew::Project",
        "AWS::DataBrew::Recipe",
        "AWS::DataBrew::Ruleset",
        "AWS::DataBrew::Schedule",
        "AWS::DataPipeline::Pipeline",
        "AWS::DataSync::Agent",
        "AWS::DataSync::LocationEFS",
        "AWS::DataSync::LocationFSxLustre",
        "AWS::DataSync::LocationFSxWindows",
        "AWS::DataSync::LocationHDFS",
        "AWS::DataSync::LocationNFS",
        "AWS::DataSync::LocationObjectStorage",
        "AWS::DataSync::LocationS3",
        "AWS::DataSync::LocationSMB",
        "AWS::DataSync::Task",
        "AWS::Detective::Graph",
        "AWS::Detective::MemberInvitation",
        "AWS::DirectoryService::MicrosoftAD",
        "AWS::DirectoryService::SimpleAD",
        "AWS::DynamoDB::GlobalTable",
        "AWS::DynamoDB::Table",
        "AWS::EC2::CapacityReservation",
        "AWS::EC2::CapacityReservationFleet",
        "AWS::EC2::ClientVpnAuthorizationRule",
        "AWS::EC2::ClientVpnEndpoint",
        "AWS::EC2::ClientVpnRoute",
        "AWS::EC2::ClientVpnTargetNetworkAssociation",
        "AWS::EC2::CustomerGateway",
        "AWS::EC2::DHCPOptions",
        "AWS::EC2::EC2Fleet",
        "AWS::EC2::EIP",
        "AWS::EC2::EIPAssociation",
        "AWS::EC2::EgressOnlyInternetGateway",
        "AWS::EC2::EnclaveCertificateIamRoleAssociation",
        "AWS::EC2::FlowLog",
        "AWS::EC2::GatewayRouteTableAssociation",
        "AWS::EC2::Host",
        "AWS::EC2::IPAM",
        "AWS::EC2::IPAMAllocation",
        "AWS::EC2::IPAMPool",
        "AWS::EC2::IPAMScope",
        "AWS::EC2::Instance",
        "AWS::EC2::InternetGateway",
        "AWS::EC2::LaunchTemplate",
        "AWS::EC2::LocalGatewayRoute",
        "AWS::EC2::LocalGatewayRouteTableVPCAssociation",
        "AWS::EC2::NatGateway",
        "AWS::EC2::NetworkAcl",
        "AWS::EC2::NetworkAclEntry",
        "AWS::EC2::NetworkInsightsAccessScope",
        "AWS::EC2::NetworkInsightsAccessScopeAnalysis",
        "AWS::EC2::NetworkInsightsAnalysis",
        "AWS::EC2::NetworkInsightsPath",
        "AWS::EC2::NetworkInterface",
        "AWS::EC2::NetworkInterfaceAttachment",
        "AWS::EC2::NetworkInterfacePermission",
        "AWS::EC2::PlacementGroup",
        "AWS::EC2::PrefixList",
        "AWS::EC2::Route",
        "AWS::EC2::RouteTable",
        "AWS::EC2::SecurityGroup",
        "AWS::EC2::SecurityGroupEgress",
        "AWS::EC2::SecurityGroupIngress",
        "AWS::EC2::SpotFleet",
        "AWS::EC2::Subnet",
        "AWS::EC2::SubnetCidrBlock",
        "AWS::EC2::SubnetNetworkAclAssociation",
        "AWS::EC2::SubnetRouteTableAssociation",
        "AWS::EC2::TrafficMirrorFilter",
        "AWS::EC2::TrafficMirrorFilterRule",
        "AWS::EC2::TrafficMirrorSession",
        "AWS::EC2::TrafficMirrorTarget",
        "AWS::EC2::TransitGateway",
        "AWS::EC2::TransitGatewayAttachment",
        "AWS::EC2::TransitGatewayConnect",
        "AWS::EC2::TransitGatewayMulticastDomain",
        "AWS::EC2::TransitGatewayMulticastDomainAssociation",
        "AWS::EC2::TransitGatewayMulticastGroupMember",
        "AWS::EC2::TransitGatewayMulticastGroupSource",
        "AWS::EC2::TransitGatewayPeeringAttachment",
        "AWS::EC2::TransitGatewayRoute",
        "AWS::EC2::TransitGatewayRouteTable",
        "AWS::EC2::TransitGatewayRouteTableAssociation",
        "AWS::EC2::TransitGatewayRouteTablePropagation",
        "AWS::EC2::TransitGatewayVpcAttachment",
        "AWS::EC2::VPC",
        "AWS::EC2::VPCCidrBlock",
        "AWS::EC2::VPCDHCPOptionsAssociation",
        "AWS::EC2::VPCEndpoint",
        "AWS::EC2::VPCEndpointConnectionNotification",
        "AWS::EC2::VPCEndpointService",
        "AWS::EC2::VPCEndpointServicePermissions",
        "AWS::EC2::VPCGatewayAttachment",
        "AWS::EC2::VPCPeeringConnection",
        "AWS::EC2::VPNConnection",
        "AWS::EC2::VPNConnectionRoute",
        "AWS::EC2::VPNGateway",
        "AWS::EC2::VPNGatewayRoutePropagation",
        "AWS::EC2::Volume",
        "AWS::EC2::VolumeAttachment",
        "AWS::ECR::PullThroughCacheRule",
        "AWS::ECR::RegistryPolicy",
        "AWS::ECR::ReplicationConfiguration",
        "AWS::ECR::Repository",
        "AWS::ECS::CapacityProvider",
        "AWS::ECS::Cluster",
        "AWS::ECS::ClusterCapacityProviderAssociations",
        "AWS::ECS::PrimaryTaskSet",
        "AWS::ECS::Service",
        "AWS::ECS::TaskDefinition",
        "AWS::ECS::TaskSet",
        "AWS::EFS::AccessPoint",
        "AWS::EFS::FileSystem",
        "AWS::EFS::MountTarget",
        "AWS::EKS::Addon",
        "AWS::EKS::Cluster",
        "AWS::EKS::FargateProfile",
        "AWS::EKS::IdentityProviderConfig",
        "AWS::EKS::Nodegroup",
        "AWS::EMR::Cluster",
        "AWS::EMR::InstanceFleetConfig",
        "AWS::EMR::InstanceGroupConfig",
        "AWS::EMR::SecurityConfiguration",
        "AWS::EMR::Step",
        "AWS::EMR::Studio",
        "AWS::EMRContainers::VirtualCluster",
        "AWS::ElastiCache::CacheCluster",
        "AWS::ElastiCache::GlobalReplicationGroup",
        "AWS::ElastiCache::ParameterGroup",
        "AWS::ElastiCache::ReplicationGroup",
        "AWS::ElastiCache::SecurityGroup",
        "AWS::ElastiCache::SecurityGroupIngress",
        "AWS::ElastiCache::SubnetGroup",
        "AWS::ElastiCache::User",
        "AWS::ElastiCache::UserGroup",
        "AWS::ElasticBeanstalk::Application",
        "AWS::ElasticBeanstalk::ApplicationVersion",
        "AWS::ElasticBeanstalk::ConfigurationTemplate",
        "AWS::ElasticBeanstalk::Environment",
        "AWS::ElasticLoadBalancing::LoadBalancer",
        "AWS::ElasticLoadBalancingV2::Listener",
        "AWS::ElasticLoadBalancingV2::ListenerCertificate",
        "AWS::ElasticLoadBalancingV2::ListenerRule",
        "AWS::ElasticLoadBalancingV2::LoadBalancer",
        "AWS::ElasticLoadBalancingV2::TargetGroup",
        "AWS::Elasticsearch::Domain",
        "AWS::EventSchemas::Discoverer",
        "AWS::EventSchemas::Registry",
        "AWS::EventSchemas::RegistryPolicy",
        "AWS::EventSchemas::Schema",
        "AWS::Events::ApiDestination",
        "AWS::Events::Archive",
        "AWS::Events::Connection",
        "AWS::Events::EventBus",
        "AWS::Events::EventBusPolicy",
        "AWS::Events::Rule",
        "AWS::FIS::ExperimentTemplate",
        "AWS::FMS::NotificationChannel",
        "AWS::FMS::Policy",
        "AWS::FSx::FileSystem",
        "AWS::GameLift::Alias",
        "AWS::GameLift::Build",
        "AWS::GameLift::Fleet",
        "AWS::GameLift::GameServerGroup",
        "AWS::GameLift::GameSessionQueue",
        "AWS::GameLift::MatchmakingConfiguration",
        "AWS::GameLift::MatchmakingRuleSet",
        "AWS::GameLift::Script",
        "AWS::GlobalAccelerator::Accelerator",
        "AWS::GlobalAccelerator::EndpointGroup",
        "AWS::GlobalAccelerator::Listener",
        "AWS::Glue::Classifier",
        "AWS::Glue::Connection",
        "AWS::Glue::Crawler",
        "AWS::Glue::DataCatalogEncryptionSettings",
        "AWS::Glue::Database",
        "AWS::Glue::DevEndpoint",
        "AWS::Glue::Job",
        "AWS::Glue::MLTransform",
        "AWS::Glue::Partition",
        "AWS::Glue::Registry",
        "AWS::Glue::Schema",
        "AWS::Glue::SchemaVersion",
        "AWS::Glue::SchemaVersionMetadata",
        "AWS::Glue::SecurityConfiguration",
        "AWS::Glue::Table",
        "AWS::Glue::Trigger",
        "AWS::Glue::Workflow",
        "AWS::Greengrass::ConnectorDefinition",
        "AWS::Greengrass::ConnectorDefinitionVersion",
        "AWS::Greengrass::CoreDefinition",
        "AWS::Greengrass::CoreDefinitionVersion",
        "AWS::Greengrass::DeviceDefinition",
        "AWS::Greengrass::DeviceDefinitionVersion",
        "AWS::Greengrass::FunctionDefinition",
        "AWS::Greengrass::FunctionDefinitionVersion",
        "AWS::Greengrass::Group",
        "AWS::Greengrass::GroupVersion",
        "AWS::Greengrass::LoggerDefinition",
        "AWS::Greengrass::LoggerDefinitionVersion",
        "AWS::Greengrass::ResourceDefinition",
        "AWS::Greengrass::ResourceDefinitionVersion",
        "AWS::Greengrass::SubscriptionDefinition",
        "AWS::Greengrass::SubscriptionDefinitionVersion",
        "AWS::GuardDuty::Detector",
        "AWS::GuardDuty::Filter",
        "AWS::GuardDuty::IPSet",
        "AWS::GuardDuty::Master",
        "AWS::GuardDuty::Member",
        "AWS::GuardDuty::ThreatIntelSet",
        "AWS::IAM::AccessKey",
        "AWS::IAM::Group",
        "AWS::IAM::InstanceProfile",
        "AWS::IAM::ManagedPolicy",
        "AWS::IAM::OIDCProvider",
        "AWS::IAM::Policy",
        "AWS::IAM::Role",
        "AWS::IAM::SAMLProvider",
        "AWS::IAM::ServerCertificate",
        "AWS::IAM::ServiceLinkedRole",
        "AWS::IAM::User",
        "AWS::IAM::UserToGroupAddition",
        "AWS::IAM::VirtualMFADevice",
        "AWS::ImageBuilder::Component",
        "AWS::ImageBuilder::ContainerRecipe",
        "AWS::ImageBuilder::DistributionConfiguration",
        "AWS::ImageBuilder::Image",
        "AWS::ImageBuilder::ImagePipeline",
        "AWS::ImageBuilder::ImageRecipe",
        "AWS::ImageBuilder::InfrastructureConfiguration",
        "AWS::Inspector::AssessmentTarget",
        "AWS::Inspector::AssessmentTemplate",
        "AWS::Inspector::ResourceGroup",
        "AWS::InspectorV2::Filter",
        "AWS::IoT::AccountAuditConfiguration",
        "AWS::IoT::Authorizer",
        "AWS::IoT::Certificate",
        "AWS::IoT::CustomMetric",
        "AWS::IoT::Dimension",
        "AWS::IoT::DomainConfiguration",
        "AWS::IoT::FleetMetric",
        "AWS::IoT::JobTemplate",
        "AWS::IoT::Logging",
        "AWS::IoT::MitigationAction",
        "AWS::IoT::Policy",
        "AWS::IoT::PolicyPrincipalAttachment",
        "AWS::IoT::ProvisioningTemplate",
        "AWS::IoT::ResourceSpecificLogging",
        "AWS::IoT::ScheduledAudit",
        "AWS::IoT::SecurityProfile",
        "AWS::IoT::Thing",
        "AWS::IoT::ThingPrincipalAttachment",
        "AWS::IoT::TopicRule",
        "AWS::IoT::TopicRuleDestination",
        "AWS::KMS::Alias",
        "AWS::KMS::Key",
        "AWS::KMS::ReplicaKey",
        "AWS::KafkaConnect::Connector",
        "AWS::Kinesis::Stream",
        "AWS::Kinesis::StreamConsumer",
        "AWS::KinesisAnalytics::Application",
        "AWS::KinesisAnalytics::ApplicationOutput",
        "AWS::KinesisAnalytics::ApplicationReferenceDataSource",
        "AWS::KinesisAnalyticsV2::Application",
        "AWS::KinesisAnalyticsV2::ApplicationCloudWatchLoggingOption",
        "AWS::KinesisAnalyticsV2::ApplicationOutput",
        "AWS::KinesisAnalyticsV2::ApplicationReferenceDataSource",
        "AWS::KinesisFirehose::DeliveryStream",
        "AWS::LakeFormation::DataLakeSettings",
        "AWS::LakeFormation::Permissions",
        "AWS::LakeFormation::Resource",
        "AWS::Lambda::Alias",
        "AWS::Lambda::CodeSigningConfig",
        "AWS::Lambda::EventInvokeConfig",
        "AWS::Lambda::EventSourceMapping",
        "AWS::Lambda::Function",
        "AWS::Lambda::LayerVersion",
        "AWS::Lambda::LayerVersionPermission",
        "AWS::Lambda::Permission",
        "AWS::Lambda::Version",
        "AWS::LicenseManager::Grant",
        "AWS::LicenseManager::License",
        "AWS::Logs::Destination",
        "AWS::Logs::LogGroup",
        "AWS::Logs::LogStream",
        "AWS::Logs::MetricFilter",
        "AWS::Logs::QueryDefinition",
        "AWS::Logs::ResourcePolicy",
        "AWS::Logs::SubscriptionFilter",
        "AWS::MSK::BatchScramSecret",
        "AWS::MSK::Cluster",
        "AWS::MSK::Configuration",
        "AWS::Macie::CustomDataIdentifier",
        "AWS::Macie::FindingsFilter",
        "AWS::Macie::Session",
        "AWS::MediaConnect::Flow",
        "AWS::MediaConnect::FlowEntitlement",
        "AWS::MediaConnect::FlowOutput",
        "AWS::MediaConnect::FlowSource",
        "AWS::MediaConnect::FlowVpcInterface",
        "AWS::MediaConvert::JobTemplate",
        "AWS::MediaConvert::Preset",
        "AWS::MediaConvert::Queue",
        "AWS::MediaPackage::Asset",
        "AWS::MediaPackage::Channel",
        "AWS::MediaPackage::OriginEndpoint",
        "AWS::MediaPackage::PackagingConfiguration",
        "AWS::MediaPackage::PackagingGroup",
        "AWS::MemoryDB::ACL",
        "AWS::MemoryDB::Cluster",
        "AWS::MemoryDB::ParameterGroup",
        "AWS::MemoryDB::SubnetGroup",
        "AWS::MemoryDB::User",
        "AWS::Neptune::DBCluster",
        "AWS::Neptune::DBClusterParameterGroup",
        "AWS::Neptune::DBInstance",
        "AWS::Neptune::DBParameterGroup",
        "AWS::Neptune::DBSubnetGroup",
        "AWS::NetworkFirewall::Firewall",
        "AWS::NetworkFirewall::FirewallPolicy",
        "AWS::NetworkFirewall::LoggingConfiguration",
        "AWS::NetworkFirewall::RuleGroup",
        "AWS::NetworkManager::CustomerGatewayAssociation",
        "AWS::NetworkManager::Device",
        "AWS::NetworkManager::GlobalNetwork",
        "AWS::NetworkManager::Link",
        "AWS::NetworkManager::LinkAssociation",
        "AWS::NetworkManager::Site",
        "AWS::NetworkManager::TransitGatewayRegistration",
        "AWS::OpenSearchService::Domain",
        "AWS::OpsWorks::App",
        "AWS::OpsWorks::ElasticLoadBalancerAttachment",
        "AWS::OpsWorks::Instance",
        "AWS::OpsWorks::Layer",
        "AWS::OpsWorks::Stack",
        "AWS::OpsWorks::UserProfile",
        "AWS::OpsWorks::Volume",
        "AWS::OpsWorksCM::Server",
        "AWS::RAM::ResourceShare",
        "AWS::RDS::DBCluster",
        "AWS::RDS::DBClusterParameterGroup",
        "AWS::RDS::DBInstance",
        "AWS::RDS::DBParameterGroup",
        "AWS::RDS::DBProxy",
        "AWS::RDS::DBProxyEndpoint",
        "AWS::RDS::DBProxyTargetGroup",
        "AWS::RDS::DBSecurityGroup",
        "AWS::RDS::DBSecurityGroupIngress",
        "AWS::RDS::DBSubnetGroup",
        "AWS::RDS::EventSubscription",
        "AWS::RDS::GlobalCluster",
        "AWS::RDS::OptionGroup",
        "AWS::Redshift::Cluster",
        "AWS::Redshift::ClusterParameterGroup",
        "AWS::Redshift::ClusterSecurityGroup",
        "AWS::Redshift::ClusterSecurityGroupIngress",
        "AWS::Redshift::ClusterSubnetGroup",
        "AWS::Redshift::EndpointAccess",
        "AWS::Redshift::EndpointAuthorization",
        "AWS::Redshift::EventSubscription",
        "AWS::Redshift::ScheduledAction",
        "AWS::Rekognition::Collection",
        "AWS::ResilienceHub::App",
        "AWS::ResilienceHub::ResiliencyPolicy",
        "AWS::ResourceGroups::Group",
        "AWS::Route53::DNSSEC",
        "AWS::Route53::HealthCheck",
        "AWS::Route53::HostedZone",
        "AWS::Route53::KeySigningKey",
        "AWS::Route53::RecordSet",
        "AWS::Route53::RecordSetGroup",
        "AWS::Route53Resolver::FirewallDomainList",
        "AWS::Route53Resolver::FirewallRuleGroup",
        "AWS::Route53Resolver::FirewallRuleGroupAssociation",
        "AWS::Route53Resolver::ResolverConfig",
        "AWS::Route53Resolver::ResolverDNSSECConfig",
        "AWS::Route53Resolver::ResolverEndpoint",
        "AWS::Route53Resolver::ResolverQueryLoggingConfig",
        "AWS::Route53Resolver::ResolverQueryLoggingConfigAssociation",
        "AWS::Route53Resolver::ResolverRule",
        "AWS::Route53Resolver::ResolverRuleAssociation",
        "AWS::S3::AccessPoint",
        "AWS::S3::Bucket",
        "AWS::S3::BucketPolicy",
        "AWS::S3::MultiRegionAccessPoint",
        "AWS::S3::MultiRegionAccessPointPolicy",
        "AWS::S3::StorageLens",
        "AWS::S3ObjectLambda::AccessPoint",
        "AWS::S3ObjectLambda::AccessPointPolicy",
        "AWS::S3Outposts::AccessPoint",
        "AWS::S3Outposts::Bucket",
        "AWS::S3Outposts::BucketPolicy",
        "AWS::S3Outposts::Endpoint",
        "AWS::SDB::Domain",
        "AWS::SES::ConfigurationSet",
        "AWS::SES::ConfigurationSetEventDestination",
        "AWS::SES::ContactList",
        "AWS::SES::Template",
        "AWS::SNS::Subscription",
        "AWS::SNS::Topic",
        "AWS::SNS::TopicPolicy",
        "AWS::SQS::Queue",
        "AWS::SQS::QueuePolicy",
        "AWS::SSM::Association",
        "AWS::SSM::Document",
        "AWS::SSM::MaintenanceWindow",
        "AWS::SSM::MaintenanceWindowTarget",
        "AWS::SSM::MaintenanceWindowTask",
        "AWS::SSM::Parameter",
        "AWS::SSM::PatchBaseline",
        "AWS::SSM::ResourceDataSync",
        "AWS::SSMContacts::Contact",
        "AWS::SSMContacts::ContactChannel",
        "AWS::SSMIncidents::ReplicationSet",
        "AWS::SSMIncidents::ResponsePlan",
        "AWS::SageMaker::App",
        "AWS::SageMaker::AppImageConfig",
        "AWS::SageMaker::CodeRepository",
        "AWS::SageMaker::DataQualityJobDefinition",
        "AWS::SageMaker::Domain",
        "AWS::SageMaker::Endpoint",
        "AWS::SageMaker::EndpointConfig",
        "AWS::SageMaker::FeatureGroup",
        "AWS::SageMaker::Image",
        "AWS::SageMaker::ImageVersion",
        "AWS::SageMaker::Model",
        "AWS::SageMaker::ModelBiasJobDefinition",
        "AWS::SageMaker::ModelExplainabilityJobDefinition",
        "AWS::SageMaker::ModelPackageGroup",
        "AWS::SageMaker::ModelQualityJobDefinition",
        "AWS::SageMaker::MonitoringSchedule",
        "AWS::SageMaker::NotebookInstance",
        "AWS::SageMaker::NotebookInstanceLifecycleConfig",
        "AWS::SageMaker::Pipeline",
        "AWS::SageMaker::Project",
        "AWS::SageMaker::UserProfile",
        "AWS::SageMaker::Workteam",
        "AWS::SecretsManager::ResourcePolicy",
        "AWS::SecretsManager::RotationSchedule",
        "AWS::SecretsManager::Secret",
        "AWS::SecretsManager::SecretTargetAttachment",
        "AWS::SecurityHub::Hub",
        "AWS::ServiceCatalog::AcceptedPortfolioShare",
        "AWS::ServiceCatalog::CloudFormationProduct",
        "AWS::ServiceCatalog::CloudFormationProvisionedProduct",
        "AWS::ServiceCatalog::LaunchNotificationConstraint",
        "AWS::ServiceCatalog::LaunchRoleConstraint",
        "AWS::ServiceCatalog::LaunchTemplateConstraint",
        "AWS::ServiceCatalog::Portfolio",
        "AWS::ServiceCatalog::PortfolioPrincipalAssociation",
        "AWS::ServiceCatalog::PortfolioProductAssociation",
        "AWS::ServiceCatalog::PortfolioShare",
        "AWS::ServiceCatalog::ResourceUpdateConstraint",
        "AWS::ServiceCatalog::ServiceAction",
        "AWS::ServiceCatalog::ServiceActionAssociation",
        "AWS::ServiceCatalog::StackSetConstraint",
        "AWS::ServiceCatalog::TagOption",
        "AWS::ServiceCatalog::TagOptionAssociation",
        "AWS::ServiceCatalogAppRegistry::Application",
        "AWS::ServiceCatalogAppRegistry::AttributeGroup",
        "AWS::ServiceCatalogAppRegistry::AttributeGroupAssociation",
        "AWS::ServiceCatalogAppRegistry::ResourceAssociation",
        "AWS::ServiceDiscovery::HttpNamespace",
        "AWS::ServiceDiscovery::Instance",
        "AWS::ServiceDiscovery::PrivateDnsNamespace",
        "AWS::ServiceDiscovery::PublicDnsNamespace",
        "AWS::ServiceDiscovery::Service",
        "AWS::Signer::ProfilePermission",
        "AWS::Signer::SigningProfile",
        "AWS::StepFunctions::Activity",
        "AWS::StepFunctions::StateMachine",
        "AWS::Synthetics::Canary",
        "AWS::Transfer::Server",
        "AWS::Transfer::User",
        "AWS::Transfer::Workflow",
        "AWS::WAF::ByteMatchSet",
        "AWS::WAF::IPSet",
        "AWS::WAF::Rule",
        "AWS::WAF::SizeConstraintSet",
        "AWS::WAF::SqlInjectionMatchSet",
        "AWS::WAF::WebACL",
        "AWS::WAF::XssMatchSet",
        "AWS::WAFRegional::ByteMatchSet",
        "AWS::WAFRegional::GeoMatchSet",
        "AWS::WAFRegional::IPSet",
        "AWS::WAFRegional::RateBasedRule",
        "AWS::WAFRegional::RegexPatternSet",
        "AWS::WAFRegional::Rule",
        "AWS::WAFRegional::SizeConstraintSet",
        "AWS::WAFRegional::SqlInjectionMatchSet",
        "AWS::WAFRegional::WebACL",
        "AWS::WAFRegional::WebACLAssociation",
        "AWS::WAFRegional::XssMatchSet",
        "AWS::WAFv2::IPSet",
        "AWS::WAFv2::LoggingConfiguration",
        "AWS::WAFv2::RegexPatternSet",
        "AWS::WAFv2::RuleGroup",
        "AWS::WAFv2::WebACL",
        "AWS::WAFv2::WebACLAssociation",
        "AWS::WorkSpaces::Workspace",
        "AWS::XRay::Group",
        "AWS::XRay::SamplingRule",
        "Alexa::ASK::Skill"
      ]
    },
    "preUpdate": {
      "permissions": [
        "secretsmanager:GetSecretValue"
      ],
      "targetNames": [
        "AWS::ACMPCA::Certificate",
        "AWS::ACMPCA::CertificateAuthority",
        "AWS::ACMPCA::CertificateAuthorityActivation",
        "AWS::ACMPCA::Permission",
        "AWS::AccessAnalyzer::Analyzer",
        "AWS::AmazonMQ::Broker",
        "AWS::AmazonMQ::Configuration",
        "AWS::AmazonMQ::ConfigurationAssociation",
        "AWS::Amplify::App",
        "AWS::Amplify::Branch",
        "AWS::Amplify::Domain",
        "AWS::AmplifyUIBuilder::Component",
        "AWS::AmplifyUIBuilder::Theme",
        "AWS::ApiGateway::Account",
        "AWS::ApiGateway::ApiKey",
        "AWS::ApiGateway::Authorizer",
        "AWS::ApiGateway::BasePathMapping",
        "AWS::ApiGateway::ClientCertificate",
        "AWS::ApiGateway::Deployment",
        "AWS::ApiGateway::DocumentationPart",
        "AWS::ApiGateway::DocumentationVersion",
        "AWS::ApiGateway::DomainName",
        "AWS::ApiGateway::GatewayResponse",
        "AWS::ApiGateway::Method",
        "AWS::ApiGateway::Model",
        "AWS::ApiGateway::RequestValidator",
        "AWS::ApiGateway::Resource",
        "AWS::ApiGateway::RestApi",
        "AWS::ApiGateway::Stage",
        "AWS::ApiGateway::UsagePlan",
        "AWS::ApiGateway::UsagePlanKey",
        "AWS::ApiGateway::VpcLink",
        "AWS::ApiGatewayV2::Api",
        "AWS::ApiGatewayV2::ApiGatewayManagedOverrides",
        "AWS::ApiGatewayV2::ApiMapping",
        "AWS::ApiGatewayV2::Authorizer",
        "AWS::ApiGatewayV2::Deployment",
        "AWS::ApiGatewayV2::DomainName",
        "AWS::ApiGatewayV2::Integration",
        "AWS::ApiGatewayV2::IntegrationResponse",
        "AWS::ApiGatewayV2::Model",
        "AWS::ApiGatewayV2::Route",
        "AWS::ApiGatewayV2::RouteResponse",
        "AWS::ApiGatewayV2::Stage",
        "AWS::ApiGatewayV2::VpcLink",
        "AWS::AppConfig::Application",
        "AWS::AppConfig::ConfigurationProfile",
        "AWS::AppConfig::Deployment",
        "AWS::AppConfig::DeploymentStrategy",
        "AWS::AppConfig::Environment",
        "AWS::AppConfig::HostedConfigurationVersion",
        "AWS::AppFlow::ConnectorProfile",
        "AWS::AppFlow::Flow",
        "AWS::AppMesh::GatewayRoute",
        "AWS::AppMesh::Mesh",
        "AWS::AppMesh::Route",
        "AWS::AppMesh::VirtualGateway",
        "AWS::AppMesh::VirtualNode",
        "AWS::AppMesh::VirtualRouter",
        "AWS::AppMesh::VirtualService",
        "AWS::AppStream::DirectoryConfig",
        "AWS::AppStream::Fleet",
        "AWS::AppStream::ImageBuilder",
        "AWS::AppStream::Stack",
        "AWS::AppStream::StackFleetAssociation",
        "AWS::AppStream::StackUserAssociation",
        "AWS::AppStream::User",
        "AWS::AppSync::ApiCache",
        "AWS::AppSync::ApiKey",
        "AWS::AppSync::DataSource",
        "AWS::AppSync::DomainName",
        "AWS::AppSync::DomainNameApiAssociation",
        "AWS::AppSync::FunctionConfiguration",
        "AWS::AppSync::GraphQLApi",
        "AWS::AppSync::GraphQLSchema",
        "AWS::AppSync::Resolver",
        "AWS::ApplicationAutoScaling::ScalableTarget",
        "AWS::ApplicationAutoScaling::ScalingPolicy",
        "AWS::ApplicationInsights::Application",
        "AWS::Athena::DataCatalog",
        "AWS::Athena::NamedQuery",
        "AWS::Athena::PreparedStatement",
        "AWS::Athena::WorkGroup",
        "AWS::AuditManager::Assessment",
        "AWS::AutoScaling::AutoScalingGroup",
        "AWS::AutoScaling::LaunchConfiguration",
        "AWS::AutoScaling::LifecycleHook",
        "AWS::AutoScaling::ScalingPolicy",
        "AWS::AutoScaling::ScheduledAction",
        "AWS::AutoScaling::WarmPool",
        "AWS::AutoScalingPlans::ScalingPlan",
        "AWS::Backup::BackupPlan",
        "AWS::Backup::BackupSelection",
        "AWS::Backup::BackupVault",
        "AWS::Backup::Framework",
        "AWS::Backup::ReportPlan",
        "AWS::Batch::ComputeEnvironment",
        "AWS::Batch::JobDefinition",
        "AWS::Batch::JobQueue",
        "AWS::Batch::SchedulingPolicy",
        "AWS::Budgets::Budget",
        "AWS::Budgets::BudgetsAction",
        "AWS::CE::CostCategory",
        "AWS::Cassandra::Keyspace",
        "AWS::Cassandra::Table",
        "AWS::CertificateManager::Account",
        "AWS::CertificateManager::Certificate",
        "AWS::Chatbot::SlackChannelConfiguration",
        "AWS::Cloud9::EnvironmentEC2",
        "AWS::CloudFormation::CustomResource",
        "AWS::CloudFormation::HookDefaultVersion",
        "AWS::CloudFormation::HookTypeConfig",
        "AWS::CloudFormation::HookVersion",
        "AWS::CloudFormation::Macro",
        "AWS::CloudFormation::ModuleDefaultVersion",
        "AWS::CloudFormation::ModuleVersion",
        "AWS::CloudFormation::PublicTypeVersion",
        "AWS::CloudFormation::Publisher",
        "AWS::CloudFormation::ResourceDefaultVersion",
        "AWS::CloudFormation::ResourceVersion",
        "AWS::CloudFormation::Stack",
        "AWS::CloudFormation::StackSet",
        "AWS::CloudFormation::TypeActivation",
        "AWS::CloudFormation::WaitCondition",
        "AWS::CloudFormation::WaitConditionHandle",
        "AWS::CloudFront::CachePolicy",
        "AWS::CloudFront::CloudFrontOriginAccessIdentity",
        "AWS::CloudFront::Distribution",
        "AWS::CloudFront::Function",
        "AWS::CloudFront::KeyGroup",
        "AWS::CloudFront::OriginRequestPolicy",
        "AWS::CloudFront::PublicKey",
        "AWS::CloudFront::RealtimeLogConfig",
        "AWS::CloudFront::ResponseHeadersPolicy",
        "AWS::CloudFront::StreamingDistribution",
        "AWS::CloudTrail::Trail",
        "AWS::CloudWatch::Alarm",
        "AWS::CloudWatch::AnomalyDetector",
        "AWS::CloudWatch::CompositeAlarm",
        "AWS::CloudWatch::Dashboard",
        "AWS::CloudWatch::InsightRule",
        "AWS::CloudWatch::MetricStream",
        "AWS::CodeBuild::Project",
        "AWS::CodeBuild::ReportGroup",
        "AWS::CodeBuild::SourceCredential",
        "AWS::CodeCommit::Repository",
        "AWS::CodeDeploy::Application",
        "AWS::CodeDeploy::DeploymentConfig",
        "AWS::CodeDeploy::DeploymentGroup",
        "AWS::CodePipeline::CustomActionType",
        "AWS::CodePipeline::Pipeline",
        "AWS::CodePipeline::Webhook",
        "AWS::CodeStar::GitHubRepository",
        "AWS::CodeStarConnections::Connection",
        "AWS::CodeStarNotifications::NotificationRule",
        "AWS::Cognito::IdentityPool",
        "AWS::Cognito::IdentityPoolRoleAttachment",
        "AWS::Cognito::UserPool",
        "AWS::Cognito::UserPoolClient",
        "AWS::Cognito::UserPoolDomain",
        "AWS::Cognito::UserPoolGroup",
        "AWS::Cognito::UserPoolIdentityProvider",
        "AWS::Cognito::UserPoolResourceServer",
        "AWS::Cognito::UserPoolRiskConfigurationAttachment",
        "AWS::Cognito::UserPoolUICustomizationAttachment",
        "AWS::Cognito::UserPoolUser",
        "AWS::Cognito::UserPoolUserToGroupAttachment",
        "AWS::Config::AggregationAuthorization",
        "AWS::Config::ConfigRule",
        "AWS::Config::ConfigurationAggregator",
        "AWS::Config::ConfigurationRecorder",
        "AWS::Config::ConformancePack",
        "AWS::Config::DeliveryChannel",
        "AWS::Config::OrganizationConfigRule",
        "AWS::Config::OrganizationConformancePack",
        "AWS::Config::RemediationConfiguration",
        "AWS::Config::StoredQuery",
        "AWS::DAX::Cluster",
        "AWS::DAX::ParameterGroup",
        "AWS::DAX::SubnetGroup",
        "AWS::DLM::LifecyclePolicy",
        "AWS::DMS::Certificate",
        "AWS::DMS::Endpoint",
        "AWS::DMS::EventSubscription",
        "AWS::DMS::ReplicationInstance",
        "AWS::DMS::ReplicationSubnetGroup",
        "AWS::DMS::ReplicationTask",
        "AWS::DataBrew::Dataset",
        "AWS::DataBrew::Job",
        "AWS::DataBrew::Project",
        "AWS::DataBrew::Recipe",
        "AWS::DataBrew::Ruleset",
        "AWS::DataBrew::Schedule",
        "AWS::DataPipeline::Pipeline",
        "AWS::DataSync::Agent",
        "AWS::DataSync::LocationEFS",
        "AWS::DataSync::LocationFSxLustre",
        "AWS::DataSync::LocationFSxWindows",
        "AWS::DataSync::LocationHDFS",
        "AWS::DataSync::LocationNFS",
        "AWS::DataSync::LocationObjectStorage",
        "AWS::DataSync::LocationS3",
        "AWS::DataSync::LocationSMB",
        "AWS::DataSync::Task",
        "AWS::Detective::Graph",
        "AWS::Detective::MemberInvitation",
        "AWS::DirectoryService::MicrosoftAD",
        "AWS::DirectoryService::SimpleAD",
        "AWS::DynamoDB::GlobalTable",
        "AWS::DynamoDB::Table",
        "AWS::EC2::CapacityReservation",
        "AWS::EC2::CapacityReservationFleet",
        "AWS::EC2::ClientVpnAuthorizationRule",
        "AWS::EC2::ClientVpnEndpoint",
        "AWS::EC2::ClientVpnRoute",
        "AWS::EC2::ClientVpnTargetNetworkAssociation",
        "AWS::EC2::CustomerGateway",
        "AWS::EC2::DHCPOptions",
        "AWS::EC2::EC2Fleet",
        "AWS::EC2::EIP",
        "AWS::EC2::EIPAssociation",
        "AWS::EC2::EgressOnlyInternetGateway",
        "AWS::EC2::EnclaveCertificateIamRoleAssociation",
        "AWS::EC2::FlowLog",
        "AWS::EC2::GatewayRouteTableAssociation",
        "AWS::EC2::Host",
        "AWS::EC2::IPAM",
        "AWS::EC2::IPAMAllocation",
        "AWS::EC2::IPAMPool",
        "AWS::EC2::IPAMScope",
        "AWS::EC2::Instance",
        "AWS::EC2::InternetGateway",
        "AWS::EC2::LaunchTemplate",
        "AWS::EC2::LocalGatewayRoute",
        "AWS::EC2::LocalGatewayRouteTableVPCAssociation",
        "AWS::EC2::NatGateway",
        "AWS::EC2::NetworkAcl",
        "AWS::EC2::NetworkAclEntry",
        "AWS::EC2::NetworkInsightsAccessScope",
        "AWS::EC2::NetworkInsightsAccessScopeAnalysis",
        "AWS::EC2::NetworkInsightsAnalysis",
        "AWS::EC2::NetworkInsightsPath",
        "AWS::EC2::NetworkInterface",
        "AWS::EC2::NetworkInterfaceAttachment",
        "AWS::EC2::NetworkInterfacePermission",
        "AWS::EC2::PlacementGroup",
        "AWS::EC2::PrefixList",
        "AWS::EC2::Route",
        "AWS::EC2::RouteTable",
        "AWS::EC2::SecurityGroup",
        "AWS::EC2::SecurityGroupEgress",
        "AWS::EC2::SecurityGroupIngress",
        "AWS::EC2::SpotFleet",
        "AWS::EC2::Subnet",
        "AWS::EC2::SubnetCidrBlock",
        "AWS::EC2::SubnetNetworkAclAssociation",
        "AWS::EC2::SubnetRouteTableAssociation",
        "AWS::EC2::TrafficMirrorFilter",
        "AWS::EC2::TrafficMirrorFilterRule",
        "AWS::EC2::TrafficMirrorSession",
        "AWS::EC2::TrafficMirrorTarget",
        "AWS::EC2::TransitGateway",
        "AWS::EC2::TransitGatewayAttachment",
        "AWS::EC2::TransitGatewayConnect",
        "AWS::EC2::TransitGatewayMulticastDomain",
        "AWS::EC2::TransitGatewayMulticastDomainAssociation",
        "AWS::EC2::TransitGatewayMulticastGroupMember",
        "AWS::EC2::TransitGatewayMulticastGroupSource",
        "AWS::EC2::TransitGatewayPeeringAttachment",
        "AWS::EC2::TransitGatewayRoute",
        "AWS::EC2::TransitGatewayRouteTable",
        "AWS::EC2::TransitGatewayRouteTableAssociation",
        "AWS::EC2::TransitGatewayRouteTablePropagation",
        "AWS::EC2::TransitGatewayVpcAttachment",
        "AWS::EC2::VPC",
        "AWS::EC2::VPCCidrBlock",
        "AWS::EC2::VPCDHCPOptionsAssociation",
        "AWS::EC2::VPCEndpoint",
        "AWS::EC2::VPCEndpointConnectionNotification",
        "AWS::EC2::VPCEndpointService",
        "AWS::EC2::VPCEndpointServicePermissions",
        "AWS::EC2::VPCGatewayAttachment",
        "AWS::EC2::VPCPeeringConnection",
        "AWS::EC2::VPNConnection",
        "AWS::EC2::VPNConnectionRoute",
        "AWS::EC2::VPNGateway",
        "AWS::EC2::VPNGatewayRoutePropagation",
        "AWS::EC2::Volume",
        "AWS::EC2::VolumeAttachment",
        "AWS::ECR::PullThroughCacheRule",
        "AWS::ECR::RegistryPolicy",
        "AWS::ECR::ReplicationConfiguration",
        "AWS::ECR::Repository",
        "AWS::ECS::CapacityProvider",
        "AWS::ECS::Cluster",
        "AWS::ECS::ClusterCapacityProviderAssociations",
        "AWS::ECS::PrimaryTaskSet",
        "AWS::ECS::Service",
        "AWS::ECS::TaskDefinition",
        "AWS::ECS::TaskSet",
        "AWS::EFS::AccessPoint",
        "AWS::EFS::FileSystem",
        "AWS::EFS::MountTarget",
        "AWS::EKS::Addon",
        "AWS::EKS::Cluster",
        "AWS::EKS::FargateProfile",
        "AWS::EKS::IdentityProviderConfig",
        "AWS::EKS::Nodegroup",
        "AWS::EMR::Cluster",
        "AWS::EMR::InstanceFleetConfig",
        "AWS::EMR::InstanceGroupConfig",
        "AWS::EMR::SecurityConfiguration",
        "AWS::EMR::Step",
        "AWS::EMR::Studio",
        "AWS::EMRContainers::VirtualCluster",
        "AWS::ElastiCache::CacheCluster",
        "AWS::ElastiCache::GlobalReplicationGroup",
        "AWS::ElastiCache::ParameterGroup",
        "AWS::ElastiCache::ReplicationGroup",
        "AWS::ElastiCache::SecurityGroup",
        "AWS::ElastiCache::SecurityGroupIngress",
        "AWS::ElastiCache::SubnetGroup",
        "AWS::ElastiCache::User",
        "AWS::ElastiCache::UserGroup",
        "AWS::ElasticBeanstalk::Application",
        "AWS::ElasticBeanstalk::ApplicationVersion",
        "AWS::ElasticBeanstalk::ConfigurationTemplate",
        "AWS::ElasticBeanstalk::Environment",
        "AWS::ElasticLoadBalancing::LoadBalancer",
        "AWS::ElasticLoadBalancingV2::Listener",
        "AWS::ElasticLoadBalancingV2::ListenerCertificate",
        "AWS::ElasticLoadBalancingV2::ListenerRule",
        "AWS::ElasticLoadBalancingV2::LoadBalancer",
        "AWS::ElasticLoadBalancingV2::TargetGroup",
        "AWS::Elasticsearch::Domain",
        "AWS::EventSchemas::Discoverer",
        "AWS::EventSchemas::Registry",
        "AWS::EventSchemas::RegistryPolicy",
        "AWS::EventSchemas::Schema",
        "AWS::Events::ApiDestination",
        "AWS::Events::Archive",
        "AWS::Events::Connection",
        "AWS::Events::EventBus",
        "AWS::Events::EventBusPolicy",
        "AWS::Events::Rule",
        "AWS::FIS::ExperimentTemplate",
        "AWS::FMS::NotificationChannel",
        "AWS::FMS::Policy",
        "AWS::FSx::FileSystem",
        "AWS::GameLift::Alias",
        "AWS::GameLift::Build",
        "AWS::GameLift::Fleet",
        "AWS::GameLift::GameServerGroup",
        "AWS::GameLift::GameSessionQueue",
        "AWS::GameLift::MatchmakingConfiguration",
        "AWS::GameLift::MatchmakingRuleSet",
        "AWS::GameLift::Script",
        "AWS::GlobalAccelerator::Accelerator",
        "AWS::GlobalAccelerator::EndpointGroup",
        "AWS::GlobalAccelerator::Listener",
        "AWS::Glue::Classifier",
        "AWS::Glue::Connection",
        "AWS::Glue::Crawler",
        "AWS::Glue::DataCatalogEncryptionSettings",
        "AWS::Glue::Database",
        "AWS::Glue::DevEndpoint",
        "AWS::Glue::Job",
        "AWS::Glue::MLTransform",
        "AWS::Glue::Partition",
        "AWS::Glue::Registry",
        "AWS::Glue::Schema",
        "AWS::Glue::SchemaVersion",
        "AWS::Glue::SchemaVersionMetadata",
        "AWS::Glue::SecurityConfiguration",
        "AWS::Glue::Table",
        "AWS::Glue::Trigger",
        "AWS::Glue::Workflow",
        "AWS::Greengrass::ConnectorDefinition",
        "AWS::Greengrass::ConnectorDefinitionVersion",
        "AWS::Greengrass::CoreDefinition",
        "AWS::Greengrass::CoreDefinitionVersion",
        "AWS::Greengrass::DeviceDefinition",
        "AWS::Greengrass::DeviceDefinitionVersion",
        "AWS::Greengrass::FunctionDefinition",
        "AWS::Greengrass::FunctionDefinitionVersion",
        "AWS::Greengrass::Group",
        "AWS::Greengrass::GroupVersion",
        "AWS::Greengrass::LoggerDefinition",
        "AWS::Greengrass::LoggerDefinitionVersion",
        "AWS::Greengrass::ResourceDefinition",
        "AWS::Greengrass::ResourceDefinitionVersion",
        "AWS::Greengrass::SubscriptionDefinition",
        "AWS::Greengrass::SubscriptionDefinitionVersion",
        "AWS::GuardDuty::Detector",
        "AWS::GuardDuty::Filter",
        "AWS::GuardDuty::IPSet",
        "AWS::GuardDuty::Master",
        "AWS::GuardDuty::Member",
        "AWS::GuardDuty::ThreatIntelSet",
        "AWS::IAM::AccessKey",
        "AWS::IAM::Group",
        "AWS::IAM::InstanceProfile",
        "AWS::IAM::ManagedPolicy",
        "AWS::IAM::OIDCProvider",
        "AWS::IAM::Policy",
        "AWS::IAM::Role",
        "AWS::IAM::SAMLProvider",
        "AWS::IAM::ServerCertificate",
        "AWS::IAM::ServiceLinkedRole",
        "AWS::IAM::User",
        "AWS::IAM::UserToGroupAddition",
        "AWS::IAM::VirtualMFADevice",
        "AWS::ImageBuilder::Component",
        "AWS::ImageBuilder::ContainerRecipe",
        "AWS::ImageBuilder::DistributionConfiguration",
        "AWS::ImageBuilder::Image",
        "AWS::ImageBuilder::ImagePipeline",
        "AWS::ImageBuilder::ImageRecipe",
        "AWS::ImageBuilder::InfrastructureConfiguration",
        "AWS::Inspector::AssessmentTarget",
        "AWS::Inspector::AssessmentTemplate",
        "AWS::Inspector::ResourceGroup",
        "AWS::InspectorV2::Filter",
        "AWS::IoT::AccountAuditConfiguration",
        "AWS::IoT::Authorizer",
        "AWS::IoT::Certificate",
        "AWS::IoT::CustomMetric",
        "AWS::IoT::Dimension",
        "AWS::IoT::DomainConfiguration",
        "AWS::IoT::FleetMetric",
        "AWS::IoT::JobTemplate",
        "AWS::IoT::Logging",
        "AWS::IoT::MitigationAction",
        "AWS::IoT::Policy",
        "AWS::IoT::PolicyPrincipalAttachment",
        "AWS::IoT::ProvisioningTemplate",
        "AWS::IoT::ResourceSpecificLogging",
        "AWS::IoT::ScheduledAudit",
        "AWS::IoT::SecurityProfile",
        "AWS::IoT::Thing",
        "AWS::IoT::ThingPrincipalAttachment",
        "AWS::IoT::TopicRule",
        "AWS::IoT::TopicRuleDestination",
        "AWS::KMS::Alias",
        "AWS::KMS::Key",
        "AWS::KMS::ReplicaKey",
        "AWS::KafkaConnect::Connector",
        "AWS::Kinesis::Stream",
        "AWS::Kinesis::StreamConsumer",
        "AWS::KinesisAnalytics::Application",
        "AWS::KinesisAnalytics::ApplicationOutput",
        "AWS::KinesisAnalytics::ApplicationReferenceDataSource",
        "AWS::KinesisAnalyticsV2::Application",
        "AWS::KinesisAnalyticsV2::ApplicationCloudWatchLoggingOption",
        "AWS::KinesisAnalyticsV2::ApplicationOutput",
        "AWS::KinesisAnalyticsV2::ApplicationReferenceDataSource",
        "AWS::KinesisFirehose::DeliveryStream",
        "AWS::LakeFormation::DataLakeSettings",
        "AWS::LakeFormation::Permissions",
        "AWS::LakeFormation::Resource",
        "AWS::Lambda::Alias",
        "AWS::Lambda::CodeSigningConfig",
        "AWS::Lambda::EventInvokeConfig",
        "AWS::Lambda::EventSourceMapping",
        "AWS::Lambda::Function",
        "AWS::Lambda::LayerVersion",
        "AWS::Lambda::LayerVersionPermission",
        "AWS::Lambda::Permission",
        "AWS::Lambda::Version",
        "AWS::LicenseManager::Grant",
        "AWS::LicenseManager::License",
        "AWS::Logs::Destination",
        "AWS::Logs::LogGroup",
        "AWS::Logs::LogStream",
        "AWS::Logs::MetricFilter",
        "AWS::Logs::QueryDefinition",
        "AWS::Logs::ResourcePolicy",
        "AWS::Logs::SubscriptionFilter",
        "AWS::MSK::BatchScramSecret",
        "AWS::MSK::Cluster",
        "AWS::MSK::Configuration",
        "AWS::Macie::CustomDataIdentifier",
        "AWS::Macie::FindingsFilter",
        "AWS::Macie::Session",
        "AWS::MediaConnect::Flow",
        "AWS::MediaConnect::FlowEntitlement",
        "AWS::MediaConnect::FlowOutput",
        "AWS::MediaConnect::FlowSource",
        "AWS::MediaConnect::FlowVpcInterface",
        "AWS::MediaConvert::JobTemplate",
        "AWS::MediaConvert::Preset",
        "AWS::MediaConvert::Queue",
        "AWS::MediaPackage::Asset",
        "AWS::MediaPackage::Channel",
        "AWS::MediaPackage::OriginEndpoint",
        "AWS::MediaPackage::PackagingConfiguration",
        "AWS::MediaPackage::PackagingGroup",
        "AWS::MemoryDB::ACL",
        "AWS::MemoryDB::Cluster",
        "AWS::MemoryDB::ParameterGroup",
        "AWS::MemoryDB::SubnetGroup",
        "AWS::MemoryDB::User",
        "AWS::Neptune::DBCluster",
        "AWS::Neptune::DBClusterParameterGroup",
        "AWS::Neptune::DBInstance",
        "AWS::Neptune::DBParameterGroup",
        "AWS::Neptune::DBSubnetGroup",
        "AWS::NetworkFirewall::Firewall",
        "AWS::NetworkFirewall::FirewallPolicy",
        "AWS::NetworkFirewall::LoggingConfiguration",
        "AWS::NetworkFirewall::RuleGroup",
        "AWS::NetworkManager::CustomerGatewayAssociation",
        "AWS::NetworkManager::Device",
        "AWS::NetworkManager::GlobalNetwork",
        "AWS::NetworkManager::Link",
        "AWS::NetworkManager::LinkAssociation",
        "AWS::NetworkManager::Site",
        "AWS::NetworkManager::TransitGatewayRegistration",
        "AWS::OpenSearchService::Domain",
        "AWS::OpsWorks::App",
        "AWS::OpsWorks::ElasticLoadBalancerAttachment",
        "AWS::OpsWorks::Instance",
        "AWS::OpsWorks::Layer",
        "AWS::OpsWorks::Stack",
        "AWS::OpsWorks::UserProfile",
        "AWS::OpsWorks::Volume",
        "AWS::OpsWorksCM::Server",
        "AWS::RAM::ResourceShare",
        "AWS::RDS::DBCluster",
        "AWS::RDS::DBClusterParameterGroup",
        "AWS::RDS::DBInstance",
        "AWS::RDS::DBParameterGroup",
        "AWS::RDS::DBProxy",
        "AWS::RDS::DBProxyEndpoint",
        "AWS::RDS::DBProxyTargetGroup",
        "AWS::RDS::DBSecurityGroup",
        "AWS::RDS::DBSecurityGroupIngress",
        "AWS::RDS::DBSubnetGroup",
        "AWS::RDS::EventSubscription",
        "AWS::RDS::GlobalCluster",
        "AWS::RDS::OptionGroup",
        "AWS::Redshift::Cluster",
        "AWS::Redshift::ClusterParameterGroup",
        "AWS::Redshift::ClusterSecurityGroup",
        "AWS::Redshift::ClusterSecurityGroupIngress",
        "AWS::Redshift::ClusterSubnetGroup",
        "AWS::Redshift::EndpointAccess",
        "AWS::Redshift::EndpointAuthorization",
        "AWS::Redshift::EventSubscription",
        "AWS::Redshift::ScheduledAction",
        "AWS::Rekognition::Collection",
        "AWS::ResilienceHub::App",
        "AWS::ResilienceHub::ResiliencyPolicy",
        "AWS::ResourceGroups::Group",
        "AWS::Route53::DNSSEC",
        "AWS::Route53::HealthCheck",
        "AWS::Route53::HostedZone",
        "AWS::Route53::KeySigningKey",
        "AWS::Route53::RecordSet",
        "AWS::Route53::RecordSetGroup",
        "AWS::Route53Resolver::FirewallDomainList",
        "AWS::Route53Resolver::FirewallRuleGroup",
        "AWS::Route53Resolver::FirewallRuleGroupAssociation",
        "AWS::Route53Resolver::ResolverConfig",
        "AWS::Route53Resolver::ResolverDNSSECConfig",
        "AWS::Route53Resolver::ResolverEndpoint",
        "AWS::Route53Resolver::ResolverQueryLoggingConfig",
        "AWS::Route53Resolver::ResolverQueryLoggingConfigAssociation",
        "AWS::Route53Resolver::ResolverRule",
        "AWS::Route53Resolver::ResolverRuleAssociation",
        "AWS::S3::AccessPoint",
        "AWS::S3::Bucket",
        "AWS::S3::BucketPolicy",
        "AWS::S3::MultiRegionAccessPoint",
        "AWS::S3::MultiRegionAccessPointPolicy",
        "AWS::S3::StorageLens",
        "AWS::S3ObjectLambda::AccessPoint",
        "AWS::S3ObjectLambda::AccessPointPolicy",
        "AWS::S3Outposts::AccessPoint",
        "AWS::S3Outposts::Bucket",
        "AWS::S3Outposts::BucketPolicy",
        "AWS::S3Outposts::Endpoint",
        "AWS::SDB::Domain",
        "AWS::SES::ConfigurationSet",
        "AWS::SES::ConfigurationSetEventDestination",
        "AWS::SES::ContactList",
        "AWS::SES::Template",
        "AWS::SNS::Subscription",
        "AWS::SNS::Topic",
        "AWS::SNS::TopicPolicy",
        "AWS::SQS::Queue",
        "AWS::SQS::QueuePolicy",
        "AWS::SSM::Association",
        "AWS::SSM::Document",
        "AWS::SSM::MaintenanceWindow",
        "AWS::SSM::MaintenanceWindowTarget",
        "AWS::SSM::MaintenanceWindowTask",
        "AWS::SSM::Parameter",
        "AWS::SSM::PatchBaseline",
        "AWS::SSM::ResourceDataSync",
        "AWS::SSMContacts::Contact",
        "AWS::SSMContacts::ContactChannel",
        "AWS::SSMIncidents::ReplicationSet",
        "AWS::SSMIncidents::ResponsePlan",
        "AWS::SageMaker::App",
        "AWS::SageMaker::AppImageConfig",
        "AWS::SageMaker::CodeRepository",
        "AWS::SageMaker::DataQualityJobDefinition",
        "AWS::SageMaker::Domain",
        "AWS::SageMaker::Endpoint",
        "AWS::SageMaker::EndpointConfig",
        "AWS::SageMaker::FeatureGroup",
        "AWS::SageMaker::Image",
        "AWS::SageMaker::ImageVersion",
        "AWS::SageMaker::Model",
        "AWS::SageMaker::ModelBiasJobDefinition",
        "AWS::SageMaker::ModelExplainabilityJobDefinition",
        "AWS::SageMaker::ModelPackageGroup",
        "AWS::SageMaker::ModelQualityJobDefinition",
        "AWS::SageMaker::MonitoringSchedule",
        "AWS::SageMaker::NotebookInstance",
        "AWS::SageMaker::NotebookInstanceLifecycleConfig",
        "AWS::SageMaker::Pipeline",
        "AWS::SageMaker::Project",
        "AWS::SageMaker::UserProfile",
        "AWS::SageMaker::Workteam",
        "AWS::SecretsManager::ResourcePolicy",
        "AWS::SecretsManager::RotationSchedule",
        "AWS::SecretsManager::Secret",
        "AWS::SecretsManager::SecretTargetAttachment",
        "AWS::SecurityHub::Hub",
        "AWS::ServiceCatalog::AcceptedPortfolioShare",
        "AWS::ServiceCatalog::CloudFormationProduct",
        "AWS::ServiceCatalog::CloudFormationProvisionedProduct",
        "AWS::ServiceCatalog::LaunchNotificationConstraint",
        "AWS::ServiceCatalog::LaunchRoleConstraint",
        "AWS::ServiceCatalog::LaunchTemplateConstraint",
        "AWS::ServiceCatalog::Portfolio",
        "AWS::ServiceCatalog::PortfolioPrincipalAssociation",
        "AWS::ServiceCatalog::PortfolioProductAssociation",
        "AWS::ServiceCatalog::PortfolioShare",
        "AWS::ServiceCatalog::ResourceUpdateConstraint",
        "AWS::ServiceCatalog::ServiceAction",
        "AWS::ServiceCatalog::ServiceActionAssociation",
        "AWS::ServiceCatalog::StackSetConstraint",
        "AWS::ServiceCatalog::TagOption",
        "AWS::ServiceCatalog::TagOptionAssociation",
        "AWS::ServiceCatalogAppRegistry::Application",
        "AWS::ServiceCatalogAppRegistry::AttributeGroup",
        "AWS::ServiceCatalogAppRegistry::AttributeGroupAssociation",
        "AWS::ServiceCatalogAppRegistry::ResourceAssociation",
        "AWS::ServiceDiscovery::HttpNamespace",
        "AWS::ServiceDiscovery::Instance",
        "AWS::ServiceDiscovery::PrivateDnsNamespace",
        "AWS::ServiceDiscovery::PublicDnsNamespace",
        "AWS::ServiceDiscovery::Service",
        "AWS::Signer::ProfilePermission",
        "AWS::Signer::SigningProfile",
        "AWS::StepFunctions::Activity",
        "AWS::StepFunctions::StateMachine",
        "AWS::Synthetics::Canary",
        "AWS::Transfer::Server",
        "AWS::Transfer::User",
        "AWS::Transfer::Workflow",
        "AWS::WAF::ByteMatchSet",
        "AWS::WAF::IPSet",
        "AWS::WAF::Rule",
        "AWS::WAF::SizeConstraintSet",
        "AWS::WAF::SqlInjectionMatchSet",
        "AWS::WAF::WebACL",
        "AWS::WAF::XssMatchSet",
        "AWS::WAFRegional::ByteMatchSet",
        "AWS::WAFRegional::GeoMatchSet",
        "AWS::WAFRegional::IPSet",
        "AWS::WAFRegional::RateBasedRule",
        "AWS::WAFRegional::RegexPatternSet",
        "AWS::WAFRegional::Rule",
        "AWS::WAFRegional::SizeConstraintSet",
        "AWS::WAFRegional::SqlInjectionMatchSet",
        "AWS::WAFRegional::WebACL",
        "AWS::WAFRegional::WebACLAssociation",
        "AWS::WAFRegional::XssMatchSet",
        "AWS::WAFv2::IPSet",
        "AWS::WAFv2::LoggingConfiguration",
        "AWS::WAFv2::RegexPatternSet",
        "AWS::WAFv2::RuleGroup",
        "AWS::WAFv2::WebACL",
        "AWS::WAFv2::WebACLAssociation",
        "AWS::WorkSpaces::Workspace",
        "AWS::XRay::Group",
        "AWS::XRay::SamplingRule",
        "Alexa::ASK::Skill"
      ]
    }
  },
  "required": [],
  "sourceUrl": "https://github.com/StyraInc/opa-aws-cloudformation-hook",
  "typeConfiguration": {
    "additionalProperties": false,
    "properties": {
      "opaAuthTokenSecret": {
        "description": "ARN referencing a Secret in Secrets Manager containing a plain-text string token to use for authenticating against the OPA agent",
        "type": "string"
      },
      "opaUrl": {
        "description": "URL pointing to an OPA agent for policy decisions",
        "type": "string"
      }
    },
    "required": [
      "opaUrl"
    ]
  },
  "typeName": "Styra::OPA::Hook"
}
